word,value
faced,-2
faces,-2
abnormal,-1
abolish,-1
abominable,-1
abominably,-1
abominate,-1
abomination,-1
abort,-1
aborted,-1
aborts,-1
abrade,-1
abrasive,-1
abrupt,-1
abruptly,-1
abscond,-1
absence,-1
absent-minded,-1
absentee,-1
absurd,-1
absurdity,-1
absurdly,-1
absurdness,-1
abuse,-1
abused,-1
abuses,-1
abusive,-1
abysmal,-1
abysmally,-1
abyss,-1
accidental,-1
accost,-1
accursed,-1
accusation,-1
accusations,-1
accuse,-2
accuses,-2
accusing,-2
accusingly,-2
acerbate,-2
acerbic,-2
acerbically,-2
ache,-2
ached,-2
aches,-2
achey,-2
aching,-2
acrid,-2
acridly,-2
acridness,-2
acrimonious,-2
acrimoniously,-1
acrimony,-1
adamant,-1
adamantly,-1
addict,-1
addicted,-1
addicting,-1
addicts,-1
admonish,-1
admonisher,-1
admonishingly,-1
admonishment,-1
admonition,-1
adulterate,-1
adulterated,-1
adulteration,-1
adulterier,-1
adversarial,-1
adversary,-1
adverse,-1
adversity,-1
afflict,-1
affliction,-1
afflictive,-1
affront,-1
afraid,-1
aggravate,-1
aggravating,-1
aggravation,-1
aggression,-1
aggressive,-1
aggressiveness,-1
aggressor,-1
aggrieve,-1
aggrieved,-1
aggrivation,-1
aghast,-1
agonies,-1
agonize,-1
agonizing,-1
agonizingly,-1
agony,-1
aground,-1
ail,-1
ailing,-1
ailment,-1
aimless,-1
alarm,-1
alarmed,-1
alarming,-1
alarmingly,-1
alienate,-1
alienated,-1
alienation,-1
allegation,-1
allegations,-1
allege,-1
allergic,-1
allergies,-1
allergy,-1
aloof,-1
altercation,-1
ambiguity,-1
ambiguous,-1
ambivalence,-1
ambivalent,-1
ambush,-1
amiss,-1
amputate,-1
anarchism,-1
anarchist,-1
anarchistic,-1
anarchy,-1
anemic,-1
anger,-1
angrily,-1
angriness,-1
angry,-1
anguish,-1
animosity,-1
annihilate,-1
annihilation,-1
annoy,-1
annoyance,-1
annoyances,-1
annoyed,-1
annoying,-1
annoyingly,-1
annoys,-1
anomalous,-1
anomaly,-1
antagonism,-1
antagonist,-1
antagonistic,-1
antagonize,-1
anti-,-1
anti-american,-1
anti-israeli,-1
anti-occupation,-1
anti-proliferation,-1
anti-semites,-1
anti-social,-1
anti-us,-1
anti-white,-1
antipathy,-1
antiquated,-1
antithetical,-1
anxieties,-1
anxiety,-1
anxious,-1
anxiously,-1
anxiousness,-1
apathetic,-1
apathetically,-1
apathy,-1
apocalypse,-1
apocalyptic,-1
apologist,-1
apologists,-1
appal,-1
appall,-1
appalled,-1
appalling,-1
appallingly,-1
apprehension,-2
apprehensions,-2
apprehensive,-2
apprehensively,-2
arbitrary,-2
arcane,-2
archaic,-2
arduous,-2
arduously,-2
argumentative,-2
arrogance,-2
arrogant,-2
arrogantly,-2
ashamed,-2
asinine,-2
asininely,-2
asinininity,-2
askance,-2
asperse,-2
aspersion,-2
aspersions,-2
assail,-2
assassin,-2
assassinate,-2
assault,-2
assult,-2
astray,-2
asunder,-2
atrocious,-2
atrocities,-2
atrocity,-2
atrophy,-2
attack,-2
attacks,-2
audacious,-2
audaciously,-2
audaciousness,-2
audacity,-2
audiciously,-2
austere,-2
authoritarian,-2
autocrat,-2
autocratic,-2
avalanche,-2
avarice,-2
avaricious,-2
avariciously,-2
avenge,-2
averse,-2
aversion,-2
aweful,-2
awful,-2
awfully,-2
awfulness,-2
awkward,-2
awkwardness,-2
ax,-2
babble,-2
back-logged,-2
back-wood,-2
back-woods,-2
backache,-1
backaches,-1
backaching,-1
backbite,-1
backbiting,-1
backward,-1
backwardness,-1
backwood,-1
backwoods,-1
bad,-1
badly,-1
baffle,-1
baffled,-1
bafflement,-1
baffling,-1
bait,-1
balk,-1
banal,-1
banalize,-1
bane,-1
banish,-1
banishment,-1
bankrupt,-1
barbarian,-1
barbaric,-1
barbarically,-1
barbarity,-1
barbarous,-1
barbarously,-1
barren,-1
baseless,-1
bash,-1
bashed,-1
bashful,-1
bashing,-1
bastard,-5
bastards,-5
battered,-3
battering,-3
batty,-3
bearish,-3
beastly,-3
bedlam,-3
bedlamite,-3
befoul,-3
beg,-3
beggar,-3
beggarly,-3
begging,-3
beguile,-3
belabor,-3
belated,-3
beleaguer,-3
belie,-3
belittle,-3
belittled,-3
belittling,-3
bellicose,-3
belligerence,-3
belligerent,-3
belligerently,-3
bemoan,-3
bemoaning,-3
bemused,-3
bent,-3
berate,-3
bereave,-3
bereavement,-3
bereft,-3
berserk,-3
beseech,-3
beset,-3
besiege,-3
besmirch,-3
bestial,-3
betray,-3
betrayal,-3
betrayals,-3
betrayer,-3
betraying,-3
betrays,-3
bewail,-3
beware,-3
bewilder,-3
bewildered,-3
bewildering,-3
bewilderingly,-3
bewilderment,-3
bewitch,-3
bias,-3
biased,-3
biases,-3
bicker,-3
bickering,-3
bid-rigging,-3
bigotries,-3
bigotry,-3
bitch,-3
bitchy,-3
biting,-3
bitingly,-3
bitter,-3
bitterly,-3
bitterness,-3
bizarre,-3
blab,-3
blabber,-3
blackmail,-3
blah,-3
blame,-3
blameworthy,-3
bland,-3
blandish,-3
blaspheme,-3
blasphemous,-3
blasphemy,-3
blasted,-3
blatant,-3
blatantly,-3
blather,-3
bleak,-3
bleakly,-3
bleakness,-3
bleed,-3
bleeding,-3
bleeds,-3
blemish,-3
blind,-3
blinding,-3
blindingly,-3
blindside,-3
blister,-3
blistering,-3
bloated,-3
blockage,-3
blockhead,-3
bloodshed,-3
bloodthirsty,-3
bloody,-3
blotchy,-3
blow,-3
blunder,-3
blundering,-3
blunders,-3
blunt,-3
blur,-3
bluring,-3
blurred,-3
blurring,-3
blurry,-3
blurs,-3
blurt,-3
boastful,-3
boggle,-3
bogus,-3
boil,-3
boiling,-3
boisterous,-3
bomb,-3
bombard,-3
bombardment,-3
bombastic,-3
bondage,-3
bonkers,-3
bore,-3
bored,-3
boredom,-3
bores,-3
boring,-3
botch,-3
bother,-3
bothered,-3
bothering,-3
bothers,-3
bothersome,-3
bowdlerize,-3
boycott,-3
braggart,-3
bragger,-3
brainless,-3
brainwash,-3
brash,-3
brashly,-3
brashness,-3
brat,-3
bravado,-3
brazen,-3
brazenly,-3
brazenness,-3
breach,-3
break,-3
break-up,-3
break-ups,-3
breakdown,-3
breaking,-3
breaks,-3
breakup,-3
breakups,-3
bribery,-3
brimstone,-3
bristle,-3
brittle,-3
broke,-3
broken,-3
broken-hearted,-3
brood,-3
browbeat,-3
bruise,-3
bruised,-3
bruises,-3
bruising,-3
brusque,-3
brutal,-3
brutalising,-3
brutalities,-3
brutality,-3
brutalize,-3
brutalizing,-3
brutally,-3
brute,-3
brutish,-3
bs,-3
buckle,-3
bug,-3
bugging,-3
buggy,-3
bugs,-3
bulkier,-3
bulkiness,-3
bulky,-3
bulkyness,-3
bull****,-3
bull----,-3
bullies,-3
bullshit,-3
bullshyt,-3
bully,-3
bullying,-3
bullyingly,-3
bum,-3
bump,-3
bumped,-3
bumping,-3
bumpping,-3
bumps,-3
bumpy,-3
bungle,-3
bungler,-3
bungling,-3
bunk,-3
burden,-3
burdensome,-3
burdensomely,-3
burn,-3
burned,-3
burning,-3
burns,-3
bust,-3
busts,-3
busybody,-3
butcher,-3
butchery,-3
buzzing,-2
byzantine,-2
cackle,-2
calamities,-2
calamitous,-2
calamitously,-2
calamity,-2
callous,-2
calumniate,-2
calumniation,-2
calumnies,-2
calumnious,-2
calumniously,-2
calumny,-2
cancer,-2
cancerous,-2
cannibal,-2
cannibalize,-2
capitulate,-2
capricious,-2
capriciously,-2
capriciousness,-2
capsize,-2
careless,-2
carelessness,-2
caricature,-2
carnage,-2
carp,-2
cartoonish,-2
cash-strapped,-2
castigate,-2
castrated,-2
casualty,-2
cataclysm,-2
cataclysmal,-2
cataclysmic,-2
cataclysmically,-2
catastrophe,-2
catastrophes,-2
catastrophic,-2
catastrophically,-2
catastrophies,-2
caustic,-2
caustically,-2
cautionary,-2
cave,-2
censure,-2
chafe,-2
chaff,-2
chagrin,-2
challenging,-2
chaos,-2
chaotic,-2
chasten,-2
chastise,-2
chastisement,-2
chatter,-2
chatterbox,-2
cheap,-2
cheapen,-2
cheaply,-2
cheat,-2
cheated,-2
cheater,-2
cheating,-2
cheats,-2
checkered,-2
cheerless,-2
cheesy,-2
chide,-2
childish,-2
chill,-2
chilly,-2
chintzy,-2
choke,-2
choleric,-2
choppy,-2
chore,-2
chronic,-2
chunky,-2
clamor,-2
clamorous,-2
clash,-2
cliche,-2
cliched,-2
clique,-2
clog,-2
clogged,-2
clogs,-2
cloud,-2
clouding,-2
cloudy,-2
clueless,-2
clumsy,-2
clunky,-2
coarse,-2
cocky,-2
coerce,-2
coercion,-2
coercive,-2
cold,-2
coldly,-2
collapse,-2
collude,-2
collusion,-2
combative,-2
combust,-2
comical,-2
commiserate,-2
commonplace,-2
commotion,-2
commotions,-2
complacent,-2
complain,-2
complained,-2
complaining,-2
complains,-2
complaint,-2
complaints,-2
complex,-2
complicated,-2
complication,-2
complicit,-2
compulsion,-2
compulsive,-2
concede,-2
conceded,-2
conceit,-2
conceited,-2
concen,-2
concens,-2
concern,-2
concerned,-2
concerns,-2
concession,-2
concessions,-2
condemn,-2
condemnable,-2
condemnation,-2
condemned,-2
condemns,-2
condescend,-2
condescending,-2
condescendingly,-2
condescension,-2
confess,-2
confession,-2
confessions,-2
confined,-2
conflict,-2
conflicted,-2
conflicting,-2
conflicts,-2
confound,-2
confounded,-2
confounding,-2
confront,-2
confrontation,-2
confrontational,-2
confuse,-2
confused,-2
confuses,-2
confusing,-2
confusion,-2
confusions,-2
congested,-2
congestion,-2
cons,-2
conscons,-2
conservative,-2
conspicuous,-2
conspicuously,-2
conspiracies,-2
conspiracy,-2
conspirator,-2
conspiratorial,-2
conspire,-2
consternation,-2
contagious,-2
contaminate,-2
contaminated,-2
contaminates,-2
contaminating,-2
contamination,-2
contempt,-2
contemptible,-2
contemptuous,-2
contemptuously,-2
contend,-2
contention,-2
contentious,-2
contort,-2
contortions,-2
contradict,-2
contradiction,-2
contradictory,-2
contrariness,-2
contravene,-2
contrive,-2
contrived,-2
controversial,-2
controversy,-2
convoluted,-2
corrode,-2
corrosion,-2
corrosions,-2
corrosive,-2
corrupt,-2
corrupted,-2
corrupting,-2
corruption,-2
corrupts,-2
corruptted,-2
costlier,-2
costly,-2
counter-productive,-2
counterproductive,-2
coupists,-2
covetous,-2
coward,-2
cowardly,-2
crabby,-2
crack,-2
cracked,-2
cracks,-2
craftily,-2
craftly,-2
crafty,-2
cramp,-2
cramped,-2
cramping,-2
cranky,-2
crap,-2
crappy,-2
craps,-2
crash,-2
crashed,-2
crashes,-2
crashing,-2
crass,-2
craven,-4
cravenly,-4
craze,-4
crazily,-4
craziness,-4
crazy,-4
creak,-4
creaking,-4
creaks,-4
credulous,-4
creep,-4
creeping,-4
creeps,-4
creepy,-4
crept,-4
crime,-4
criminal,-4
cringe,-4
cringed,-4
cringes,-4
cripple,-4
crippled,-4
cripples,-4
crippling,-4
crisis,-3
critic,-3
critical,-3
criticism,-3
criticisms,-3
criticize,-3
criticized,-3
criticizing,-3
critics,-3
cronyism,-3
crook,-3
crooked,-3
crooks,-3
crowded,-3
crowdedness,-3
crude,-3
cruel,-3
crueler,-3
cruelest,-3
cruelly,-3
cruelness,-3
cruelties,-3
cruelty,-3
crumble,-3
crumbling,-3
crummy,-3
crumple,-3
crumpled,-3
crumples,-3
crush,-3
crushed,-3
crushing,-3
cry,-3
culpable,-3
culprit,-3
cumbersome,-3
cunt,-3
cunts,-3
cuplrit,-3
curse,-3
cursed,-3
curses,-3
curt,-3
cuss,-3
cussed,-3
cutthroat,-3
cynical,-3
cynicism,-3
d*mn,-3
damage,-3
damaged,-3
damages,-3
damaging,-3
damn,-3
damnable,-3
damnably,-3
damnation,-3
damned,-3
damning,-3
damper,-3
danger,-3
dangerous,-3
dangerousness,-3
dark,-3
darken,-3
darkened,-3
darker,-3
darkness,-3
dastard,-3
dastardly,-3
daunt,-3
daunting,-3
dauntingly,-3
dawdle,-3
daze,-3
dazed,-3
dead,-3
deadbeat,-3
deadlock,-3
deadly,-3
deadweight,-3
deaf,-3
dearth,-3
death,-3
debacle,-3
debase,-3
debasement,-3
debaser,-3
debatable,-3
debauch,-3
debaucher,-3
debauchery,-3
debilitate,-3
debilitating,-3
debility,-3
debt,-4
debts,-4
decadence,-4
decadent,-4
decay,-4
decayed,-4
deceit,-4
deceitful,-4
deceitfully,-4
deceitfulness,-4
deceive,-4
deceiver,-4
deceivers,-4
deceiving,-4
deception,-4
deceptive,-4
deceptively,-4
declaim,-4
decline,-4
declines,-4
declining,-4
decrement,-4
decrepit,-4
decrepitude,-4
decry,-4
defamation,-4
defamations,-4
defamatory,-4
defame,-4
defect,-4
defective,-4
defects,-4
defensive,-4
defiance,-4
defiant,-4
defiantly,-4
deficiencies,-4
deficiency,-4
deficient,-4
defile,-4
defiler,-4
deform,-4
deformed,-4
defrauding,-4
defunct,-4
defy,-4
degenerate,-4
degenerately,-4
degeneration,-4
degradation,-4
degrade,-4
degrading,-4
degradingly,-4
dehumanization,-4
dehumanize,-4
deign,-4
deject,-4
dejected,-4
dejectedly,-4
dejection,-4
delay,-4
delayed,-4
delaying,-4
delays,-4
delinquency,-4
delinquent,-4
delirious,-4
delirium,-4
delude,-4
deluded,-4
deluge,-4
delusion,-4
delusional,-4
delusions,-4
demean,-4
demeaning,-4
demise,-4
demolish,-4
demolisher,-4
demon,-4
demonic,-4
demonize,-4
demonized,-4
demonizes,-4
demonizing,-4
demoralize,-4
demoralizing,-4
demoralizingly,-4
denial,-4
denied,-4
denies,-4
denigrate,-4
denounce,-4
dense,-4
dent,-4
dented,-4
dents,-4
denunciate,-4
denunciation,-4
denunciations,-4
deny,-4
denying,-4
deplete,-4
deplorable,-4
deplorably,-4
deplore,-4
deploring,-4
deploringly,-4
deprave,-4
depraved,-4
depravedly,-4
deprecate,-4
depress,-4
depressed,-4
depressing,-4
depressingly,-4
depression,-4
depressions,-4
deprive,-4
deprived,-4
deride,-4
derision,-4
derisive,-4
derisively,-4
derisiveness,-4
derogatory,-4
desecrate,-4
desert,-4
desertion,-4
desiccate,-4
desiccated,-4
desititute,-4
desolate,-4
desolately,-4
desolation,-4
despair,-4
despairing,-4
despairingly,-4
desperate,-4
desperately,-4
desperation,-4
despicable,-4
despicably,-4
despise,-4
despised,-4
despoil,-4
despoiler,-4
despondence,-4
despondency,-4
despondent,-4
despondently,-4
despot,-4
despotic,-4
despotism,-4
destabilisation,-4
destains,-4
destitute,-4
destitution,-4
destroy,-4
destroyer,-4
destruction,-4
destructive,-4
desultory,-4
deter,-4
deteriorate,-4
deteriorating,-4
deterioration,-4
deterrent,-4
detest,-4
detestable,-4
detestably,-4
detested,-4
detesting,-4
detests,-4
detract,-4
detracted,-4
detracting,-4
detraction,-4
detracts,-4
detriment,-4
detrimental,-4
devastate,-4
devastated,-4
devastates,-4
devastating,-4
devastatingly,-4
devastation,-4
deviate,-4
deviation,-4
devil,-4
devilish,-4
devilishly,-4
devilment,-4
devilry,-4
devious,-4
deviously,-4
deviousness,-4
devoid,-4
diabolic,-4
diabolical,-4
diabolically,-4
diametrically,-4
diappointed,-4
diatribe,-4
diatribes,-4
dick,-4
dictator,-4
dictatorial,-4
die,-4
die-hard,-4
died,-4
dies,-4
difficult,-4
difficulties,-4
difficulty,-4
diffidence,-4
dilapidated,-4
dilemma,-4
dilly-dally,-4
dim,-4
dimmer,-4
din,-4
ding,-4
dings,-4
dinky,-4
dire,-4
direly,-4
direness,-4
dirt,-4
dirtbag,-4
dirtbags,-4
dirts,-4
dirty,-4
disable,-4
disabled,-4
disaccord,-4
disadvantage,-4
disadvantaged,-4
disadvantageous,-4
disadvantages,-4
disaffect,-4
disaffected,-4
disaffirm,-4
disagree,-4
disagreeable,-4
disagreeably,-4
disagreed,-4
disagreeing,-4
disagreement,-4
disagrees,-4
disallow,-4
disapointed,-4
disapointing,-4
disapointment,-4
disappoint,-4
disappointed,-4
disappointing,-4
disappointingly,-4
disappointment,-4
disappointments,-4
disappoints,-4
disapprobation,-4
disapproval,-4
disapprove,-4
disapproving,-4
disarm,-4
disarray,-4
disaster,-4
disasterous,-4
disastrous,-4
disastrously,-4
disavow,-4
disavowal,-4
disbelief,-4
disbelieve,-4
disbeliever,-4
disclaim,-4
discombobulate,-4
discomfit,-4
discomfititure,-4
discomfort,-4
discompose,-4
disconcert,-4
disconcerted,-4
disconcerting,-4
disconcertingly,-4
disconsolate,-4
disconsolately,-4
disconsolation,-4
discontent,-4
discontented,-4
discontentedly,-4
discontinued,-4
discontinuity,-4
discontinuous,-4
discord,-4
discordance,-4
discordant,-4
discountenance,-4
discourage,-4
discouragement,-4
discouraging,-4
discouragingly,-4
discourteous,-4
discourteously,-4
discoutinous,-4
discredit,-4
discrepant,-4
discriminate,-4
discrimination,-4
discriminatory,-4
disdain,-4
disdained,-4
disdainful,-4
disdainfully,-4
disfavor,-4
disgrace,-4
disgraced,-4
disgraceful,-4
disgracefully,-4
disgruntle,-4
disgruntled,-4
disgust,-4
disgusted,-4
disgustedly,-4
disgustful,-4
disgustfully,-4
disgusting,-4
disgustingly,-4
dishearten,-4
disheartening,-4
dishearteningly,-4
dishonest,-4
dishonestly,-4
dishonesty,-4
dishonor,-4
dishonorable,-4
dishonorablely,-4
disillusion,-4
disillusioned,-4
disillusionment,-4
disillusions,-4
disinclination,-4
disinclined,-4
disingenuous,-4
disingenuously,-4
disintegrate,-4
disintegrated,-4
disintegrates,-4
disintegration,-4
disinterest,-4
disinterested,-4
dislike,-4
disliked,-4
dislikes,-4
disliking,-4
dislocated,-4
disloyal,-4
disloyalty,-4
dismal,-4
dismally,-4
dismalness,-4
dismay,-4
dismayed,-4
dismaying,-4
dismayingly,-4
dismissive,-4
dismissively,-4
disobedience,-4
disobedient,-4
disobey,-4
disoobedient,-4
disorder,-4
disordered,-4
disorderly,-4
disorganized,-4
disorient,-4
disoriented,-4
disown,-4
disparage,-4
disparaging,-4
disparagingly,-4
dispensable,-4
dispirit,-4
dispirited,-4
dispiritedly,-4
dispiriting,-4
displace,-4
displaced,-4
displease,-4
displeased,-4
displeasing,-4
displeasure,-5
disproportionate,-5
disprove,-5
disputable,-5
dispute,-5
disputed,-5
disquiet,-5
disquieting,-5
disquietingly,-5
disquietude,-5
disregard,-5
disregardful,-5
disreputable,-5
disrepute,-5
disrespect,-5
disrespectable,-5
disrespectablity,-5
disrespectful,-5
disrespectfully,-5
disrespectfulness,-5
disrespecting,-5
disrupt,-5
disruption,-5
disruptive,-5
diss,-5
dissapointed,-5
dissappointed,-5
dissappointing,-5
dissatisfaction,-5
dissatisfactory,-5
dissatisfied,-5
dissatisfies,-5
dissatisfy,-5
dissatisfying,-5
dissed,-5
dissemble,-5
dissembler,-5
dissension,-5
dissent,-5
dissenter,-5
dissention,-5
disservice,-5
disses,-5
dissidence,-5
dissident,-5
dissidents,-5
dissing,-5
dissocial,-5
dissolute,-5
dissolution,-5
dissonance,-5
dissonant,-5
dissonantly,-5
dissuade,-5
dissuasive,-5
distains,-5
distaste,-5
distasteful,-5
distastefully,-5
distort,-5
distorted,-5
distortion,-5
distorts,-5
distract,-5
distracting,-5
distraction,-5
distraught,-5
distraughtly,-5
distraughtness,-5
distress,-5
distressed,-5
distressing,-5
distressingly,-5
distrust,-5
distrustful,-5
distrusting,-5
disturb,-5
disturbance,-5
disturbed,-5
disturbing,-5
disturbingly,-5
disunity,-5
disvalue,-5
divergent,-5
divisive,-5
divisively,-5
divisiveness,-5
dizzing,-5
dizzingly,-5
dizzy,-5
doddering,-5
dodgey,-5
dogged,-5
doggedly,-5
dogmatic,-5
doldrums,-5
domineer,-5
domineering,-5
donside,-5
doom,-5
doomed,-5
doomsday,-5
dope,-5
doubt,-5
doubtful,-5
doubtfully,-5
doubts,-5
douchbag,-5
douchebag,-5
douchebags,-5
downbeat,-5
downcast,-5
downer,-5
downfall,-5
downfallen,-5
downgrade,-5
downhearted,-5
downheartedly,-5
downhill,-5
downside,-5
downsides,-5
downturn,-5
downturns,-5
drab,-5
draconian,-5
draconic,-5
drag,-5
dragged,-5
dragging,-5
dragoon,-5
drags,-5
drain,-5
drained,-5
draining,-5
drains,-5
drastic,-5
drastically,-5
drawback,-5
drawbacks,-5
dread,-5
dreadful,-5
dreadfully,-5
dreadfulness,-5
dreary,-5
dripped,-5
dripping,-5
drippy,-5
drips,-5
drones,-5
droop,-5
droops,-5
drop-out,-5
drop-outs,-5
dropout,-5
dropouts,-5
drought,-5
drowning,-5
drunk,-5
drunkard,-5
drunken,-5
dubious,-5
dubiously,-5
dubitable,-5
dud,-5
dull,-5
dullard,-5
dumb,-5
dumbfound,-5
dump,-5
dumped,-5
dumping,-5
dumps,-5
dunce,-5
dungeon,-5
dungeons,-5
dupe,-5
dust,-5
dusty,-5
dwindling,-5
dying,-5
earsplitting,-5
eccentric,-5
eccentricity,-5
effigy,-5
effrontery,-5
egocentric,-5
egomania,-5
egotism,-5
egotistical,-5
egotistically,-5
egregious,-5
egregiously,-5
election-rigger,-5
elimination,-5
emaciated,-5
emasculate,-5
embarrass,-5
embarrassing,-5
embarrassingly,-5
embarrassment,-5
embattled,-5
embroil,-5
embroiled,-5
embroilment,-5
emergency,-5
emphatic,-5
emphatically,-5
emptiness,-5
encroach,-5
encroachment,-5
endanger,-5
enemies,-5
enemy,-5
enervate,-5
enfeeble,-5
enflame,-5
engulf,-5
enjoin,-5
enmity,-5
enrage,-5
enraged,-5
enraging,-5
enslave,-5
entangle,-5
entanglement,-5
entrap,-5
entrapment,-5
envious,-5
enviously,-5
enviousness,-5
epidemic,-5
equivocal,-5
erase,-5
erode,-5
erodes,-5
erosion,-5
err,-5
errant,-5
erratic,-5
erratically,-5
erroneous,-5
erroneously,-5
error,-5
errors,-5
eruptions,-5
escapade,-5
eschew,-5
estranged,-5
evade,-5
evasion,-5
evasive,-5
evil,-5
evildoer,-5
evils,-5
eviscerate,-5
exacerbate,-5
exagerate,-5
exagerated,-5
exagerates,-5
exaggerate,-5
exaggeration,-5
exasperate,-5
exasperated,-5
exasperating,-5
exasperatingly,-5
exasperation,-5
excessive,-5
excessively,-5
exclusion,-5
excoriate,-5
excruciating,-5
excruciatingly,-5
excuse,-5
excuses,-5
execrate,-5
exhaust,-5
exhausted,-5
exhaustion,-5
exhausts,-5
exhorbitant,-5
exhort,-5
exile,-5
exorbitant,-5
exorbitantance,-5
exorbitantly,-5
expel,-5
expensive,-5
expire,-5
expired,-5
explode,-5
exploit,-5
exploitation,-5
explosive,-5
expropriate,-5
expropriation,-5
expulse,-5
expunge,-5
exterminate,-5
extermination,-5
extinguish,-5
extort,-5
extortion,-5
extraneous,-5
extravagance,-5
extravagant,-5
extravagantly,-5
extremism,-5
extremist,-5
extremists,-5
eyesore,-5
f**k,-5
fabricate,-5
fabrication,-5
facetious,-5
facetiously,-5
fail,-5
failed,-5
failing,-5
fails,-5
failure,-5
failures,-5
faint,-5
fainthearted,-5
faithless,-5
fake,-5
fall,-5
fallacies,-5
fallacious,-5
fallaciously,-5
fallaciousness,-5
fallacy,-5
fallen,-5
falling,-5
fallout,-5
falls,-5
FALSE,-5
falsehood,-5
falsely,-5
falsify,-5
falter,-5
faltered,-5
famine,-5
famished,-5
fanatic,-5
fanatical,-5
fanatically,-5
fanaticism,-5
fanatics,-5
fanciful,-5
far-fetched,-5
farce,-5
farcical,-5
farcical-yet-provocative,-5
farcically,-5
farfetched,-5
fascism,-5
fascist,-5
fastidious,-5
fastidiously,-5
fastuous,-5
fat,-5
fat-cat,-5
fat-cats,-5
fatal,-5
fatalistic,-5
fatalistically,-5
fatally,-5
fatcat,-5
fatcats,-5
fateful,-5
fatefully,-5
fathomless,-5
fatigue,-5
fatigued,-5
fatique,-5
fatty,-5
fatuity,-5
fatuous,-5
fatuously,-5
fault,-5
faults,-5
faulty,-5
fawningly,-5
faze,-5
fear,-5
fearful,-5
fearfully,-5
fears,-5
fearsome,-5
feckless,-5
feeble,-5
feeblely,-5
feebleminded,-5
feign,-5
feint,-5
fell,-5
felon,-5
felonious,-5
ferociously,-5
ferocity,-5
fetid,-5
fever,-5
feverish,-5
fevers,-5
fiasco,-5
fib,-5
fibber,-5
fickle,-5
fiction,-5
fictional,-5
fictitious,-5
fidget,-5
fidgety,-5
fiend,-5
fiendish,-5
fierce,-5
figurehead,-5
filth,-5
filthy,-5
finagle,-5
finicky,-5
fissures,-5
fist,-5
flabbergast,-5
flabbergasted,-5
flagging,-5
flagrant,-5
flagrantly,-5
flair,-5
flairs,-5
flak,-5
flake,-5
flakey,-5
flakieness,-5
flaking,-5
flaky,-5
flare,-5
flares,-5
flareup,-5
flareups,-5
flat-out,-5
flaunt,-5
flaw,-5
flawed,-5
flaws,-5
flee,-5
fleed,-5
fleeing,-5
fleer,-5
flees,-5
fleeting,-5
flicering,-5
flicker,-5
flickering,-5
flickers,-5
flighty,-5
flimflam,-5
flimsy,-5
flirt,-5
flirty,-5
floored,-5
flounder,-5
floundering,-5
flout,-5
fluster,-5
foe,-5
fool,-5
fooled,-5
foolhardy,-5
foolish,-5
foolishly,-5
foolishness,-5
forbid,-5
forbidden,-5
forbidding,-5
forceful,-5
foreboding,-5
forebodingly,-5
forfeit,-5
forged,-5
forgetful,-5
forgetfully,-5
forgetfulness,-5
forlorn,-5
forlornly,-5
forsake,-5
forsaken,-5
forswear,-5
foul,-5
foully,-5
foulness,-5
fractious,-5
fractiously,-5
fracture,-5
fragile,-5
fragmented,-5
frail,-5
frantic,-5
frantically,-5
franticly,-5
fraud,-5
fraudulent,-5
fraught,-5
frazzle,-5
frazzled,-5
freak,-5
freaking,-5
freakish,-5
freakishly,-5
freaks,-5
freeze,-5
freezes,-5
freezing,-5
frenetic,-5
frenetically,-5
frenzied,-5
frenzy,-5
fret,-5
fretful,-5
frets,-5
friction,-5
frictions,-5
fried,-5
friggin,-5
frigging,-5
fright,-5
frighten,-5
frightening,-5
frighteningly,-5
frightful,-5
frightfully,-5
frigid,-5
frost,-5
frown,-5
froze,-5
frozen,-5
fruitless,-5
fruitlessly,-5
frustrate,-5
frustrated,-5
frustrates,-5
frustrating,-5
frustratingly,-5
frustration,-5
frustrations,-5
fuck,-5
fucking,-5
fudge,-5
fugitive,-5
full-blown,-5
fulminate,-5
fumble,-5
fume,-5
fumes,-5
fundamentalism,-5
funky,-5
funnily,-5
funny,-5
furious,-5
furiously,-5
furor,-5
fury,-5
fuss,-5
fussy,-5
fustigate,-5
fusty,-5
futile,-5
futilely,-5
futility,-5
fuzzy,-5
gabble,-5
gaff,-5
gaffe,-5
gainsay,-5
gainsayer,-5
gall,-5
galling,-5
gallingly,-5
galls,-5
gangster,-5
gape,-5
garbage,-5
garish,-5
gasp,-5
gauche,-5
gaudy,-5
gawk,-5
gawky,-5
geezer,-5
genocide,-5
get-rich,-5
ghastly,-5
ghetto,-5
ghosting,-5
gibber,-5
gibberish,-5
gibe,-5
giddy,-5
gimmick,-5
gimmicked,-5
gimmicking,-5
gimmicks,-5
gimmicky,-5
glare,-5
glaringly,-5
glib,-5
glibly,-5
glitch,-5
glitches,-5
gloatingly,-5
gloom,-5
gloomy,-5
glower,-5
glum,-5
glut,-5
gnawing,-5
goad,-5
goading,-5
god-awful,-5
goof,-5
goofy,-5
goon,-5
gossip,-5
graceless,-5
gracelessly,-5
graft,-5
grainy,-5
grapple,-5
grate,-5
grating,-5
gravely,-5
greasy,-5
greed,-5
greedy,-5
grief,-5
grievance,-5
grievances,-5
grieve,-5
grieving,-5
grievous,-5
grievously,-5
grim,-5
grimace,-5
grind,-5
gripe,-5
gripes,-5
grisly,-5
gritty,-5
gross,-5
grossly,-5
grotesque,-5
grouch,-5
grouchy,-5
groundless,-5
grouse,-5
growl,-5
grudge,-5
grudges,-5
grudging,-5
grudgingly,-5
gruesome,-5
gruesomely,-5
gruff,-5
grumble,-5
grumpier,-5
grumpiest,-5
grumpily,-5
grumpish,-5
grumpy,-5
guile,-5
guilt,-5
guiltily,-5
guilty,-5
gullible,-5
gutless,-5
gutter,-5
hack,-5
hacks,-5
haggard,-5
haggle,-5
hairloss,-5
halfhearted,-5
halfheartedly,-5
hallucinate,-5
hallucination,-5
hamper,-5
hampered,-5
handicapped,-5
hang,-5
hangs,-5
haphazard,-5
hapless,-5
harangue,-5
harass,-5
harassed,-5
harasses,-5
harassment,-5
harboring,-5
harbors,-5
hard,-5
hard-hit,-5
hard-line,-5
hard-liner,-5
hardball,-5
harden,-5
hardened,-5
hardheaded,-5
hardhearted,-5
hardliner,-5
hardliners,-5
hardship,-5
hardships,-5
harm,-5
harmed,-5
harmful,-5
harms,-5
harpy,-5
harridan,-5
harried,-5
harrow,-5
harsh,-5
harshly,-5
hasseling,-5
hassle,-5
hassled,-5
hassles,-5
haste,-5
hastily,-5
hasty,-5
hate,-5
hated,-5
hateful,-5
hatefully,-5
hatefulness,-5
hater,-5
haters,-5
hates,-5
hating,-5
hatred,-5
haughtily,-5
haughty,-5
haunt,-5
haunting,-5
havoc,-5
hawkish,-5
haywire,-5
hazard,-5
hazardous,-5
haze,-5
hazy,-5
head-aches,-5
headache,-5
headaches,-5
heartbreaker,-5
heartbreaking,-5
heartbreakingly,-5
heartless,-5
heathen,-3
heavy-handed,-3
heavyhearted,-3
heck,-3
heckle,-3
heckled,-3
heckles,-3
hectic,-3
hedge,-3
hedonistic,-3
heedless,-3
hefty,-3
hegemonism,-3
hegemonistic,-3
hegemony,-3
heinous,-3
hell,-3
hell-bent,-3
hellion,-3
hells,-3
helpless,-3
helplessly,-3
helplessness,-3
heresy,-3
heretic,-3
heretical,-3
hesitant,-3
hestitant,-3
hideous,-3
hideously,-3
hideousness,-3
high-priced,-3
hiliarious,-3
hinder,-3
hindrance,-3
hiss,-3
hissed,-3
hissing,-3
ho-hum,-3
hoard,-3
hoax,-3
hobble,-3
hogs,-3
hollow,-3
hoodium,-3
hoodwink,-3
hooligan,-3
hopeless,-3
hopelessly,-3
hopelessness,-3
horde,-3
horrendous,-3
horrendously,-3
horrible,-3
horrid,-3
horrific,-3
horrified,-3
horrifies,-3
horrify,-3
horrifying,-3
horrifys,-3
hostage,-3
hostile,-3
hostilities,-3
hostility,-3
hotbeds,-3
hothead,-3
hotheaded,-3
hothouse,-3
hubris,-3
huckster,-3
hum,-3
humid,-3
humiliate,-3
humiliating,-3
humiliation,-3
humming,-3
hung,-3
hurt,-3
hurted,-3
hurtful,-3
hurting,-3
hurts,-3
hustler,-3
hype,-3
hypocricy,-3
hypocrisy,-3
hypocrite,-3
hypocrites,-3
hypocritical,-3
hypocritically,-3
hysteria,-3
hysteric,-1
hysterical,-1
hysterically,-1
hysterics,-1
idiocies,-1
idiocy,-1
idiot,-1
idiotic,-1
idiotically,-1
idiots,-1
idle,-1
ignoble,-1
ignominious,-1
ignominiously,-1
ignominy,-1
ignorance,-1
ignorant,-1
ignore,-1
ill-advised,-1
ill-conceived,-1
ill-defined,-1
ill-designed,-1
ill-fated,-1
ill-favored,-1
ill-formed,-1
ill-mannered,-1
ill-natured,-1
ill-sorted,-1
ill-tempered,-1
ill-treated,-1
ill-treatment,-1
ill-usage,-1
ill-used,-1
illegal,-1
illegally,-1
illegitimate,-1
illicit,-1
illiterate,-1
illness,-1
illogic,-1
illogical,-1
illogically,-1
illusion,-1
illusions,-1
illusory,-1
imaginary,-1
imbalance,-1
imbecile,-1
imbroglio,-1
immaterial,-1
immature,-1
imminence,-1
imminently,-1
immobilized,-1
immoderate,-1
immoderately,-1
immodest,-1
immoral,-1
immorality,-1
immorally,-1
immovable,-1
impair,-1
impaired,-1
impasse,-1
impatience,-1
impatient,-1
impatiently,-1
impeach,-1
impedance,-1
impede,-1
impediment,-1
impending,-1
impenitent,-1
imperfect,-1
imperfection,-1
imperfections,-1
imperfectly,-1
imperialist,-1
imperil,-1
imperious,-1
imperiously,-1
impermissible,-1
impersonal,-1
impertinent,-1
impetuous,-1
impetuously,-1
impiety,-1
impinge,-1
impious,-1
implacable,-1
implausible,-1
implausibly,-1
implicate,-1
implication,-1
implode,-1
impolite,-1
impolitely,-1
impolitic,-1
importunate,-1
importune,-1
impose,-1
imposers,-1
imposing,-1
imposition,-1
impossible,-1
impossiblity,-1
impossibly,-1
impotent,-1
impoverish,-1
impoverished,-1
impractical,-1
imprecate,-1
imprecise,-1
imprecisely,-1
imprecision,-1
imprison,-1
imprisonment,-1
improbability,-1
improbable,-1
improbably,-1
improper,-1
improperly,-1
impropriety,-1
imprudence,-1
imprudent,-1
impudence,-1
impudent,-1
impudently,-1
impugn,-1
impulsive,-1
impulsively,-1
impunity,-1
impure,-1
impurity,-1
inability,-1
inaccuracies,-1
inaccuracy,-1
inaccurate,-1
inaccurately,-1
inaction,-1
inactive,-1
inadequacy,-1
inadequate,-1
inadequately,-1
inadverent,-1
inadverently,-1
inadvisable,-1
inadvisably,-1
inane,-1
inanely,-1
inappropriate,-1
inappropriately,-1
inapt,-1
inaptitude,-1
inarticulate,-1
inattentive,-1
inaudible,-1
incapable,-1
incapably,-1
incautious,-1
incendiary,-1
incense,-1
incessant,-1
incessantly,-1
incite,-1
incitement,-1
incivility,-1
inclement,-1
incognizant,-1
incoherence,-1
incoherent,-1
incoherently,-1
incommensurate,-1
incomparable,-1
incomparably,-1
incompatability,-1
incompatibility,-1
incompatible,-1
incompetence,-1
incompetent,-1
incompetently,-1
incomplete,-1
incompliant,-1
incomprehensible,-1
incomprehension,-1
inconceivable,-1
inconceivably,-1
incongruous,-1
incongruously,-1
inconsequent,-1
inconsequential,-1
inconsequentially,-1
inconsequently,-1
inconsiderate,-1
inconsiderately,-1
inconsistence,-1
inconsistencies,-1
inconsistency,-1
inconsistent,-1
inconsolable,-1
inconsolably,-1
inconstant,-1
inconvenience,-1
inconveniently,-1
incorrect,-1
incorrectly,-1
incorrigible,-1
incorrigibly,-1
incredulous,-1
incredulously,-1
inculcate,-1
indecency,-1
indecent,-1
indecently,-1
indecision,-1
indecisive,-1
indecisively,-1
indecorum,-1
indefensible,-1
indelicate,-1
indeterminable,-1
indeterminably,-1
indeterminate,-1
indifference,-1
indifferent,-1
indigent,-1
indignant,-1
indignantly,-1
indignation,-1
indignity,-1
indiscernible,-1
indiscreet,-1
indiscreetly,-1
indiscretion,-1
indiscriminate,-1
indiscriminately,-1
indiscriminating,-1
indistinguishable,-1
indoctrinate,-1
indoctrination,-1
indolent,-1
indulge,-1
ineffective,-1
ineffectively,-1
ineffectiveness,-1
ineffectual,-1
ineffectually,-1
ineffectualness,-1
inefficacious,-1
inefficacy,-1
inefficiency,-1
inefficient,-1
inefficiently,-1
inelegance,-1
inelegant,-1
ineligible,-1
ineloquent,-1
ineloquently,-1
inept,-1
ineptitude,-1
ineptly,-1
inequalities,-1
inequality,-1
inequitable,-1
inequitably,-1
inequities,-1
inescapable,-1
inescapably,-1
inessential,-1
inevitable,-1
inevitably,-1
inexcusable,-1
inexcusably,-1
inexorable,-1
inexorably,-1
inexperience,-1
inexperienced,-1
inexpert,-1
inexpertly,-1
inexpiable,-1
inexplainable,-1
inextricable,-1
inextricably,-1
infamous,-1
infamously,-1
infamy,-1
infected,-1
infection,-1
infections,-1
inferior,-1
inferiority,-1
infernal,-1
infest,-1
infested,-1
infidel,-1
infidels,-1
infiltrator,-1
infiltrators,-1
infirm,-1
inflame,-1
inflammation,-1
inflammatory,-1
inflammed,-1
inflated,-1
inflationary,-1
inflexible,-1
inflict,-1
infraction,-1
infringe,-1
infringement,-1
infringements,-1
infuriate,-1
infuriated,-1
infuriating,-1
infuriatingly,-1
inglorious,-1
ingrate,-1
ingratitude,-1
inhibit,-1
inhibition,-1
inhospitable,-1
inhospitality,-1
inhuman,-1
inhumane,-1
inhumanity,-1
inimical,-1
inimically,-1
iniquitous,-1
iniquity,-1
injudicious,-1
injure,-1
injurious,-1
injury,-1
injustice,-1
injustices,-1
innuendo,-1
inoperable,-1
inopportune,-1
inordinate,-1
inordinately,-1
insane,-1
insanely,-1
insanity,-1
insatiable,-1
insecure,-1
insecurity,-1
insensible,-1
insensitive,-1
insensitively,-1
insensitivity,-1
insidious,-1
insidiously,-1
insignificance,-1
insignificant,-1
insignificantly,-1
insincere,-1
insincerely,-1
insincerity,-1
insinuate,-1
insinuating,-1
insinuation,-1
insociable,-1
insolence,-1
insolent,-1
insolently,-1
insolvent,-1
insouciance,-1
instability,-1
instable,-1
instigate,-1
instigator,-1
instigators,-1
insubordinate,-1
insubstantial,-1
insubstantially,-1
insufferable,-1
insufferably,-1
insufficiency,-1
insufficient,-1
insufficiently,-1
insular,-1
insult,-1
insulted,-1
insulting,-1
insultingly,-1
insults,-1
insupportable,-1
insupportably,-1
insurmountable,-1
insurmountably,-1
insurrection,-1
intefere,-1
inteferes,-1
intense,-1
interfere,-1
interference,-1
interferes,-1
intermittent,-1
interrupt,-1
interruption,-1
interruptions,-1
intimidate,-1
intimidating,-1
intimidatingly,-1
intimidation,-1
intolerable,-1
intolerablely,-1
intolerance,-1
intoxicate,-1
intractable,-1
intransigence,-1
intransigent,-1
intrude,-1
intrusion,-1
intrusive,-1
inundate,-1
inundated,-1
invader,-1
invalid,-1
invalidate,-1
invalidity,-1
invasive,-1
invective,-1
inveigle,-1
invidious,-1
invidiously,-1
invidiousness,-1
invisible,-1
involuntarily,-1
involuntary,-1
irascible,-1
irate,-1
irately,-1
ire,-1
irk,-1
irked,-1
irking,-1
irks,-1
irksome,-1
irksomely,-1
irksomeness,-1
irksomenesses,-1
ironic,-1
ironical,-1
ironically,-1
ironies,-1
irony,-1
irragularity,-1
irrational,-1
irrationalities,-1
irrationality,-1
irrationally,-1
irrationals,-1
irreconcilable,-1
irrecoverable,-1
irrecoverableness,-1
irrecoverablenesses,-1
irrecoverably,-1
irredeemable,-1
irredeemably,-1
irreformable,-1
irregular,-1
irregularity,-1
irrelevance,-1
irrelevant,-1
irreparable,-1
irreplacible,-1
irrepressible,-1
irresolute,-1
irresolvable,-1
irresponsible,-1
irresponsibly,-1
irretating,-1
irretrievable,-1
irreversible,-1
irritable,-1
irritably,-1
irritant,-1
irritate,-1
irritated,-1
irritating,-1
irritation,-1
irritations,-1
isolate,-1
isolated,-1
isolation,-1
issue,-1
issues,-1
itch,-1
itching,-1
itchy,-1
jabber,-1
jaded,-1
jagged,-1
jam,-1
jarring,-1
jaundiced,-1
jealous,-1
jealously,-1
jealousness,-1
jealousy,-1
jeer,-1
jeering,-1
jeeringly,-1
jeers,-1
jeopardize,-1
jeopardy,-1
jerk,-1
jerky,-1
jitter,-1
jitters,-1
jittery,-1
job-killing,-1
jobless,-1
joke,-1
joker,-1
jolt,-1
judder,-1
juddering,-1
judders,-1
jumpy,-1
junk,-1
junky,-1
junkyard,-1
jutter,-1
jutters,-1
kaput,-1
kill,-1
killed,-1
killer,-1
killing,-1
killjoy,-2
kills,-2
knave,-2
knife,-2
knock,-2
knotted,-2
kook,-2
kooky,-2
lack,-2
lackadaisical,-2
lacked,-2
lackey,-2
lackeys,-2
lacking,-2
lackluster,-2
lacks,-2
laconic,-2
lag,-2
lagged,-2
lagging,-2
laggy,-2
lags,-2
laid-off,-2
lambast,-2
lambaste,-2
lame,-2
lame-duck,-2
lament,-2
lamentable,-2
lamentably,-2
languid,-2
languish,-2
languor,-2
languorous,-2
languorously,-2
lanky,-2
lapse,-2
lapsed,-2
lapses,-2
lascivious,-2
last-ditch,-2
latency,-2
laughable,-2
laughably,-2
laughingstock,-2
lawbreaker,-2
lawbreaking,-2
lawless,-2
lawlessness,-2
layoff,-2
layoff-happy,-2
lazy,-2
leak,-2
leakage,-2
leakages,-2
leaking,-2
leaks,-2
leaky,-2
lech,-2
lecher,-2
lecherous,-2
lechery,-2
leech,-2
leer,-2
leery,-2
left-leaning,-2
lemon,-2
lengthy,-2
less-developed,-2
lesser-known,-2
letch,-2
lethal,-2
lethargic,-2
lethargy,-2
lewd,-2
lewdly,-2
lewdness,-2
liability,-2
liable,-2
liar,-2
liars,-2
licentious,-2
licentiously,-2
licentiousness,-2
lie,-2
lied,-2
lier,-2
lies,-2
life-threatening,-2
lifeless,-2
limit,-2
limitation,-2
limitations,-2
limited,-2
limits,-2
limp,-2
listless,-2
litigious,-2
little-known,-2
livid,-2
lividly,-2
loath,-2
loathe,-2
loathing,-2
loathly,-2
loathsome,-2
loathsomely,-2
lone,-2
loneliness,-2
lonely,-2
loner,-2
lonesome,-2
long-time,-2
long-winded,-2
longing,-2
longingly,-2
loophole,-2
loopholes,-2
loose,-2
loot,-2
lorn,-2
lose,-2
loser,-2
losers,-2
loses,-2
losing,-2
loss,-2
losses,-2
lost,-2
loud,-2
louder,-2
lousy,-2
loveless,-2
lovelorn,-2
low-rated,-2
lowly,-2
ludicrous,-2
ludicrously,-2
lugubrious,-2
lukewarm,-2
lull,-2
lumpy,-2
lunatic,-2
lunaticism,-2
lurch,-2
lure,-2
lurid,-2
lurk,-2
lurking,-2
lying,-2
macabre,-2
mad,-2
madden,-2
maddening,-2
maddeningly,-2
madder,-2
madly,-2
madman,-2
madness,-2
maladjusted,-2
maladjustment,-2
malady,-2
malaise,-2
malcontent,-2
malcontented,-2
maledict,-2
malevolence,-2
malevolent,-2
malevolently,-2
malice,-2
malicious,-2
maliciously,-2
maliciousness,-2
malign,-2
malignant,-2
malodorous,-2
maltreatment,-2
mangle,-2
mangled,-2
mangles,-2
mangling,-2
mania,-2
maniac,-2
maniacal,-2
manic,-2
manipulate,-2
manipulation,-2
manipulative,-2
manipulators,-2
mar,-2
marginal,-2
marginally,-2
martyrdom,-2
martyrdom-seeking,-2
mashed,-2
massacre,-2
massacres,-2
matte,-2
mawkish,-2
mawkishly,-2
mawkishness,-2
meager,-2
meaningless,-2
meanness,-2
measly,-2
meddle,-2
meddlesome,-2
mediocre,-2
mediocrity,-2
melancholy,-2
melodramatic,-2
melodramatically,-2
meltdown,-2
menace,-2
menacing,-2
menacingly,-2
mendacious,-2
mendacity,-2
menial,-2
merciless,-2
mercilessly,-2
mess,-2
messed,-2
messes,-2
messing,-2
messy,-2
midget,-2
miff,-2
militancy,-2
mindless,-2
mindlessly,-2
mirage,-2
mire,-2
misalign,-2
misaligned,-2
misaligns,-2
misapprehend,-2
misbecome,-2
misbecoming,-2
misbegotten,-2
misbehave,-2
misbehavior,-2
miscalculate,-2
miscalculation,-2
miscellaneous,-2
mischief,-2
mischievous,-2
mischievously,-2
misconception,-2
misconceptions,-2
miscreant,-2
miscreants,-2
misdirection,-2
miser,-2
miserable,-2
miserableness,-2
miserably,-2
miseries,-2
miserly,-2
misery,-2
misfit,-2
misfortune,-2
misgiving,-2
misgivings,-2
misguidance,-2
misguide,-2
misguided,-2
mishandle,-2
mishap,-2
misinform,-2
misinformed,-2
misinterpret,-2
misjudge,-2
misjudgment,-2
mislead,-2
misleading,-2
misleadingly,-2
mislike,-2
mismanage,-2
mispronounce,-2
mispronounced,-2
mispronounces,-2
misread,-2
misreading,-2
misrepresent,-2
misrepresentation,-2
miss,-2
missed,-2
misses,-2
misstatement,-2
mist,-2
mistake,-2
mistaken,-2
mistakenly,-2
mistakes,-2
mistified,-2
mistress,-2
mistrust,-2
mistrustful,-2
mistrustfully,-2
mists,-2
misunderstand,-2
misunderstanding,-2
misunderstandings,-2
misunderstood,-2
misuse,-2
moan,-2
mobster,-2
mock,-2
mocked,-2
mockeries,-2
mockery,-2
mocking,-2
mockingly,-2
mocks,-2
molest,-2
molestation,-2
monotonous,-2
monotony,-2
monster,-2
monstrosities,-2
monstrosity,-2
monstrous,-2
monstrously,-2
moody,-2
moot,-2
mope,-2
morbid,-2
morbidly,-2
mordant,-2
mordantly,-2
moribund,-2
moron,-2
moronic,-2
morons,-2
mortification,-2
mortified,-2
mortify,-2
mortifying,-2
motionless,-2
motley,-2
mourn,-2
mourner,-2
mournful,-2
mournfully,-2
muddle,-2
muddy,-2
mudslinger,-2
mudslinging,-2
mulish,-2
multi-polarization,-2
mundane,-2
murder,-2
murderer,-2
murderous,-2
murderously,-2
murky,-2
muscle-flexing,-2
mushy,-2
musty,-2
mysterious,-2
mysteriously,-2
mystery,-2
mystify,-2
myth,-2
nag,-2
nagging,-2
naive,-2
naively,-2
narrower,-2
nastily,-2
nastiness,-2
nasty,-2
naughty,-2
nauseate,-2
nauseates,-2
nauseating,-2
nauseatingly,-2
naïve,-2
nebulous,-2
nebulously,-2
needless,-2
needlessly,-2
needy,-2
nefarious,-2
nefariously,-2
negate,-2
negation,-2
negative,-2
negatives,-2
negativity,-2
neglect,-2
neglected,-2
negligence,-2
negligent,-2
nemesis,-2
nepotism,-2
nervous,-2
nervously,-2
nervousness,-2
nettle,-2
nettlesome,-2
neurotic,-2
neurotically,-2
niggle,-2
niggles,-2
nightmare,-2
nightmarish,-2
nightmarishly,-2
nitpick,-2
nitpicking,-2
noise,-2
noises,-2
noisier,-2
noisy,-2
non-confidence,-2
nonexistent,-2
nonresponsive,-2
nonsense,-2
nosey,-2
notoriety,-2
notorious,-2
notoriously,-2
noxious,-2
nuisance,-2
numb,-2
obese,-2
object,-2
objection,-2
objectionable,-2
objections,-2
oblique,-2
obliterate,-2
obliterated,-2
oblivious,-2
obnoxious,-2
obnoxiously,-2
obscene,-2
obscenely,-2
obscenity,-2
obscure,-2
obscured,-2
obscures,-2
obscurity,-2
obsess,-2
obsessive,-2
obsessively,-2
obsessiveness,-2
obsolete,-2
obstacle,-2
obstinate,-2
obstinately,-2
obstruct,-2
obstructed,-2
obstructing,-2
obstruction,-2
obstructs,-2
obtrusive,-2
obtuse,-2
occlude,-2
occluded,-2
occludes,-2
occluding,-2
odd,-2
odder,-2
oddest,-2
oddities,-2
oddity,-2
oddly,-2
odor,-2
offence,-2
offend,-2
offender,-2
offending,-2
offenses,-2
offensive,-2
offensively,-2
offensiveness,-2
officious,-2
ominous,-2
ominously,-2
omission,-2
omit,-2
one-sided,-2
onerous,-2
onerously,-2
onslaught,-2
opinionated,-2
opponent,-2
opportunistic,-2
oppose,-2
opposition,-2
oppositions,-2
oppress,-4
oppression,-4
oppressive,-4
oppressively,-4
oppressiveness,-4
oppressors,-4
ordeal,-4
orphan,-4
ostracize,-4
outbreak,-4
outburst,-4
outbursts,-4
outcast,-4
outcry,-4
outlaw,-4
outmoded,-4
outrage,-4
outraged,-4
outrageous,-4
outrageously,-4
outrageousness,-4
outrages,-4
outsider,-4
over-acted,-4
over-awe,-4
over-balanced,-4
over-hyped,-4
over-priced,-4
over-valuation,-4
overact,-4
overacted,-4
overawe,-4
overbalance,-4
overbalanced,-4
overbearing,-4
overbearingly,-4
overblown,-4
overdo,-4
overdone,-4
overdue,-4
overemphasize,-4
overheat,-4
overkill,-4
overloaded,-4
overlook,-4
overpaid,-4
overpayed,-4
overplay,-4
overpower,-4
overpriced,-4
overrated,-4
overreach,-4
overrun,-4
overshadow,-4
oversight,-4
oversights,-4
oversimplification,-4
oversimplified,-4
oversimplify,-4
oversize,-4
overstate,-4
overstated,-4
overstatement,-4
overstatements,-4
overstates,-4
overtaxed,-4
overthrow,-4
overthrows,-4
overturn,-4
overweight,-4
overwhelm,-4
overwhelmed,-4
overwhelming,-4
overwhelmingly,-4
overwhelms,-4
overzealous,-4
overzealously,-4
overzelous,-4
pain,-4
painful,-4
painfull,-4
painfully,-4
pains,-4
pale,-4
pales,-4
paltry,-4
pan,-4
pandemonium,-4
pander,-4
pandering,-4
panders,-4
panic,-4
panick,-4
panicked,-4
panicking,-4
panicky,-4
paradoxical,-4
paradoxically,-4
paralize,-4
paralyzed,-4
paranoia,-4
paranoid,-4
parasite,-4
pariah,-4
parody,-4
partiality,-4
partisan,-4
partisans,-4
passe,-4
passive,-4
passiveness,-4
pathetic,-4
pathetically,-4
patronize,-4
paucity,-4
pauper,-4
paupers,-4
payback,-4
peculiar,-4
peculiarly,-4
pedantic,-4
peeled,-4
peeve,-4
peeved,-4
peevish,-4
peevishly,-4
penalize,-4
penalty,-4
perfidious,-4
perfidity,-4
perfunctory,-4
peril,-4
perilous,-4
perilously,-4
perish,-4
pernicious,-4
perplex,-4
perplexed,-4
perplexing,-4
perplexity,-4
persecute,-4
persecution,-4
pertinacious,-4
pertinaciously,-4
pertinacity,-4
perturb,-4
perturbed,-4
pervasive,-4
perverse,-4
perversely,-4
perversion,-4
perversity,-4
pervert,-4
perverted,-4
perverts,-4
pessimism,-4
pessimistic,-4
pessimistically,-4
pest,-4
pestilent,-4
petrified,-4
petrify,-4
pettifog,-4
petty,-4
phobia,-4
phobic,-4
phony,-4
picket,-4
picketed,-4
picketing,-4
pickets,-4
picky,-4
pig,-4
pigs,-4
pillage,-4
pillory,-4
pimple,-4
pinch,-4
pique,-4
pitiable,-4
pitiful,-4
pitifully,-4
pitiless,-4
pitilessly,-4
pittance,-4
pity,-4
plagiarize,-4
plague,-4
plasticky,-4
plaything,-4
plea,-4
pleas,-4
plebeian,-4
plight,-4
plot,-4
plotters,-4
ploy,-4
plunder,-4
plunderer,-4
pointless,-4
pointlessly,-4
poison,-4
poisonous,-4
poisonously,-4
pokey,-4
poky,-4
polarisation,-4
polemize,-4
pollute,-4
polluter,-4
polluters,-4
polution,-4
pompous,-4
poor,-4
poorer,-4
poorest,-4
poorly,-4
posturing,-4
pout,-4
poverty,-4
powerless,-4
prate,-4
pratfall,-4
prattle,-4
precarious,-4
precariously,-4
precipitate,-4
precipitous,-4
predatory,-4
predicament,-4
prejudge,-4
prejudice,-4
prejudices,-4
prejudicial,-4
premeditated,-4
preoccupy,-4
preposterous,-4
preposterously,-4
presumptuous,-4
presumptuously,-4
pretence,-4
pretend,-4
pretense,-4
pretentious,-4
pretentiously,-4
prevaricate,-4
pricey,-4
pricier,-4
prick,-4
prickle,-3
prickles,-3
prideful,-3
prik,-3
primitive,-3
prison,-3
prisoner,-3
problem,-3
problematic,-3
problems,-3
procrastinate,-3
procrastinates,-3
procrastination,-3
profane,-3
profanity,-3
prohibit,-3
prohibitive,-3
prohibitively,-3
propaganda,-3
propagandize,-3
proprietary,-3
prosecute,-3
protest,-3
protested,-3
protesting,-3
protests,-3
protracted,-3
provocation,-3
provocative,-3
provoke,-3
pry,-3
pugnacious,-3
pugnaciously,-3
pugnacity,-3
punch,-3
punish,-3
punishable,-3
punitive,-3
punk,-3
puny,-3
puppet,-3
puppets,-3
puzzled,-3
puzzlement,-3
puzzling,-3
quack,-3
qualm,-3
qualms,-3
quandary,-3
quarrel,-3
quarrellous,-3
quarrellously,-3
quarrels,-3
quarrelsome,-3
quash,-3
queer,-3
questionable,-3
quibble,-3
quibbles,-3
quitter,-3
rabid,-3
racism,-3
racist,-3
racists,-3
racy,-3
radical,-3
radicalization,-3
radically,-3
radicals,-3
rage,-3
ragged,-3
raging,-3
rail,-3
raked,-3
rampage,-3
rampant,-3
ramshackle,-3
rancor,-3
randomly,-3
rankle,-3
rant,-3
ranted,-3
ranting,-3
rantingly,-3
rants,-3
rape,-3
raped,-3
raping,-3
rascal,-3
rascals,-3
rash,-3
rattle,-3
rattled,-3
rattles,-3
ravage,-3
raving,-3
reactionary,-3
rebellious,-3
rebuff,-3
rebuke,-3
recalcitrant,-3
recant,-3
recession,-3
recessionary,-3
reckless,-3
recklessly,-3
recklessness,-3
recoil,-3
recourses,-3
redundancy,-3
redundant,-3
refusal,-3
refuse,-3
refused,-3
refuses,-3
refusing,-3
refutation,-3
refute,-3
refuted,-3
refutes,-3
refuting,-3
regress,-3
regression,-3
regressive,-3
regret,-3
regreted,-3
regretful,-3
regretfully,-3
regrets,-3
regrettable,-3
regrettably,-3
regretted,-3
reject,-3
rejected,-3
rejecting,-3
rejection,-3
rejects,-3
relapse,-3
relentless,-3
relentlessly,-3
relentlessness,-3
reluctance,-3
reluctant,-3
reluctantly,-3
remorse,-3
remorseful,-3
remorsefully,-3
remorseless,-3
remorselessly,-3
remorselessness,-3
renounce,-3
renunciation,-3
repel,-3
repetitive,-3
reprehensible,-3
reprehensibly,-3
reprehension,-3
reprehensive,-3
repress,-3
repression,-3
repressive,-3
reprimand,-3
reproach,-3
reproachful,-3
reprove,-3
reprovingly,-3
repudiate,-3
repudiation,-3
repugn,-3
repugnance,-3
repugnant,-3
repugnantly,-3
repulse,-3
repulsed,-3
repulsing,-3
repulsive,-3
repulsively,-3
repulsiveness,-3
resent,-3
resentful,-3
resentment,-3
resignation,-3
resigned,-3
resistance,-3
restless,-3
restlessness,-3
restrict,-3
restricted,-3
restriction,-3
restrictive,-3
resurgent,-3
retaliate,-3
retaliatory,-3
retard,-3
retarded,-3
retardedness,-3
retards,-3
reticent,-3
retract,-3
retreat,-3
retreated,-3
revenge,-3
revengeful,-3
revengefully,-3
revert,-3
revile,-3
reviled,-3
revoke,-3
revolt,-3
revolting,-3
revoltingly,-3
revulsion,-3
revulsive,-3
rhapsodize,-3
rhetoric,-3
rhetorical,-3
ricer,-3
ridicule,-3
ridicules,-3
ridiculous,-3
ridiculously,-3
rife,-3
rift,-3
rifts,-3
rigid,-3
rigidity,-3
rigidness,-3
rile,-3
riled,-3
rip,-3
rip-off,-3
ripoff,-3
ripped,-3
risk,-3
risks,-3
risky,-3
rival,-3
rivalry,-3
roadblocks,-3
rocky,-3
rogue,-3
rollercoaster,-3
rot,-3
rotten,-3
rough,-3
rremediable,-3
rubbish,-3
rude,-3
rue,-3
ruffian,-3
ruffle,-3
ruin,-3
ruined,-3
ruining,-3
ruinous,-3
ruins,-3
rumbling,-3
rumor,-3
rumors,-3
rumours,-3
rumple,-3
run-down,-3
runaway,-3
rupture,-3
rust,-3
rusts,-3
rusty,-3
rut,-3
ruthless,-3
ruthlessly,-3
ruthlessness,-3
ruts,-3
sabotage,-3
sack,-3
sacrificed,-3
sad,-3
sadden,-3
sadly,-3
sadness,-3
sag,-3
sagged,-3
sagging,-3
saggy,-3
sags,-3
salacious,-3
sanctimonious,-3
sap,-3
sarcasm,-3
sarcastic,-3
sarcastically,-3
sardonic,-3
sardonically,-3
sass,-3
satirical,-3
satirize,-3
savage,-3
savaged,-3
savagery,-3
savages,-3
scaly,-3
scam,-3
scams,-3
scandal,-3
scandalize,-3
scandalized,-3
scandalous,-3
scandalously,-3
scandals,-3
scandel,-3
scandels,-3
scant,-3
scapegoat,-3
scar,-3
scarce,-3
scarcely,-3
scarcity,-3
scare,-3
scared,-3
scarier,-3
scariest,-3
scarily,-3
scarred,-3
scars,-3
scary,-3
scathing,-3
scathingly,-3
sceptical,-3
scoff,-3
scoffingly,-3
scold,-3
scolded,-3
scolding,-3
scoldingly,-3
scorching,-3
scorchingly,-3
scorn,-3
scornful,-3
scornfully,-3
scoundrel,-3
scourge,-3
scowl,-3
scramble,-3
scrambled,-3
scrambles,-3
scrambling,-3
scrap,-3
scratch,-3
scratched,-3
scratches,-3
scratchy,-3
scream,-3
screech,-3
screw-up,-3
screwed,-3
screwed-up,-3
screwy,-3
scuff,-3
scuffs,-3
scum,-3
scummy,-3
second-class,-3
second-tier,-3
secretive,-3
sedentary,-3
seedy,-3
seethe,-3
seething,-3
self-coup,-3
self-criticism,-3
self-defeating,-3
self-destructive,-3
self-humiliation,-3
self-interest,-3
self-interested,-3
self-serving,-3
selfinterested,-3
selfish,-3
selfishly,-3
selfishness,-3
semi-retarded,-3
senile,-3
sensationalize,-3
senseless,-3
senselessly,-3
seriousness,-3
sermonize,-3
servitude,-3
set-up,-3
setback,-3
setbacks,-3
sever,-3
severe,-3
severity,-3
sh*t,-3
shabby,-3
shadowy,-3
shady,-3
shake,-3
shaky,-3
shallow,-3
sham,-3
shambles,-3
shame,-3
shameful,-3
shamefully,-3
shamefulness,-3
shameless,-3
shamelessly,-3
shamelessness,-3
shark,-3
sharply,-3
shatter,-3
shemale,-3
shimmer,-3
shimmy,-3
shipwreck,-3
shirk,-3
shirker,-3
shit,-3
shiver,-3
shock,-3
shocked,-3
shocking,-3
shockingly,-3
shoddy,-3
short-lived,-3
shortage,-3
shortchange,-3
shortcoming,-3
shortcomings,-3
shortness,-3
shortsighted,-3
shortsightedness,-3
showdown,-3
shrew,-3
shriek,-3
shrill,-3
shrilly,-3
shrivel,-3
shroud,-3
shrouded,-3
shrug,-3
shun,-3
shunned,-3
sick,-3
sicken,-3
sickening,-3
sickeningly,-3
sickly,-3
sickness,-3
sidetrack,-3
sidetracked,-3
siege,-3
sillily,-3
silly,-3
simplistic,-3
simplistically,-3
sin,-3
sinful,-3
sinfully,-3
sinister,-3
sinisterly,-3
sink,-3
sinking,-3
skeletons,-3
skeptic,-3
skeptical,-3
skeptically,-3
skepticism,-3
sketchy,-3
skimpy,-3
skinny,-3
skittish,-3
skittishly,-3
skulk,-3
slack,-3
slander,-3
slanderer,-3
slanderous,-3
slanderously,-3
slanders,-3
slap,-3
slashing,-3
slaughter,-3
slaughtered,-3
slave,-3
slaves,-3
sleazy,-3
slime,-3
slog,-3
slogged,-3
slogging,-3
slogs,-3
sloooooooooooooow,-3
sloooow,-3
slooow,-3
sloow,-3
sloppily,-3
sloppy,-3
sloth,-3
slothful,-3
slow,-3
slow-moving,-3
slowed,-3
slower,-3
slowest,-3
slowly,-3
sloww,-3
slowww,-3
slowwww,-3
slug,-3
sluggish,-3
slump,-3
slumping,-3
slumpping,-3
slur,-3
slut,-3
sluts,-3
sly,-3
smack,-3
smallish,-3
smash,-3
smear,-3
smell,-3
smelled,-3
smelling,-3
smells,-3
smelly,-3
smelt,-3
smoke,-3
smokescreen,-3
smolder,-3
smoldering,-3
smother,-3
smoulder,-3
smouldering,-3
smudge,-3
smudged,-3
smudges,-3
smudging,-3
smug,-3
smugly,-3
smut,-3
smuttier,-3
smuttiest,-3
smutty,-3
snag,-3
snagged,-3
snagging,-3
snags,-3
snappish,-3
snappishly,-3
snare,-3
snarky,-3
snarl,-3
sneak,-3
sneakily,-3
sneaky,-3
sneer,-3
sneering,-3
sneeringly,-3
snob,-3
snobbish,-3
snobby,-3
snobish,-3
snobs,-3
snub,-3
so-cal,-3
soapy,-3
sob,-3
sober,-3
sobering,-3
solemn,-3
solicitude,-3
somber,-3
sore,-3
sorely,-3
soreness,-3
sorrow,-3
sorrowful,-3
sorrowfully,-3
sorry,-3
sour,-3
sourly,-3
spade,-3
spank,-3
spendy,-3
spew,-3
spewed,-3
spewing,-3
spews,-3
spilling,-3
spinster,-3
spiritless,-3
spite,-3
spiteful,-3
spitefully,-3
spitefulness,-3
splatter,-3
split,-3
splitting,-3
spoil,-3
spoilage,-3
spoilages,-3
spoiled,-3
spoilled,-3
spoils,-3
spook,-3
spookier,-3
spookiest,-3
spookily,-3
spooky,-3
spoon-fed,-3
spoon-feed,-3
spoonfed,-3
sporadic,-3
spotty,-3
spurious,-3
spurn,-3
sputter,-3
squabble,-3
squabbling,-3
squander,-3
squash,-3
squeak,-3
squeaks,-3
squeaky,-3
squeal,-3
squealing,-3
squeals,-3
squirm,-3
stab,-3
stagnant,-3
stagnate,-3
stagnation,-3
staid,-3
stain,-3
stains,-3
stale,-3
stalemate,-3
stall,-3
stalls,-3
stammer,-3
stampede,-3
standstill,-3
stark,-3
starkly,-3
startle,-3
startling,-3
startlingly,-3
starvation,-3
starve,-3
static,-3
steal,-3
stealing,-3
steals,-3
steep,-3
steeply,-3
stench,-3
stereotype,-3
stereotypical,-3
stereotypically,-3
stern,-3
stew,-3
sticky,-3
stiff,-3
stiffness,-3
stifle,-3
stifling,-3
stiflingly,-3
stigma,-3
stigmatize,-3
sting,-3
stinging,-3
stingingly,-3
stingy,-3
stink,-3
stinks,-3
stodgy,-3
stole,-3
stolen,-3
stooge,-3
stooges,-3
stormy,-3
straggle,-3
straggler,-3
strain,-3
strained,-3
straining,-3
strange,-3
strangely,-3
stranger,-3
strangest,-3
strangle,-3
streaky,-3
strenuous,-3
stress,-3
stresses,-3
stressful,-3
stressfully,-3
stricken,-3
strict,-3
strictly,-3
strident,-3
stridently,-3
strife,-3
strike,-3
stringent,-3
stringently,-3
struck,-3
struggle,-3
struggled,-3
struggles,-3
struggling,-3
strut,-3
stubborn,-3
stubbornly,-3
stubbornness,-3
stuck,-3
stuffy,-3
stumble,-3
stumbled,-3
stumbles,-3
stump,-3
stumped,-3
stumps,-3
stun,-3
stunt,-3
stunted,-3
stupid,-3
stupidest,-3
stupidity,-3
stupidly,-3
stupified,-3
stupify,-3
stupor,-3
stutter,-3
stuttered,-3
stuttering,-3
stutters,-3
sty,-3
stymied,-3
sub-par,-3
subdued,-3
subjected,-3
subjection,-3
subjugate,-3
subjugation,-3
submissive,-3
subordinate,-3
subpoena,-3
subpoenas,-3
subservience,-3
subservient,-3
substandard,-3
subtract,-3
subversion,-3
subversive,-3
subversively,-3
subvert,-3
succumb,-3
suck,-3
sucked,-3
sucker,-3
sucks,-3
sucky,-3
sue,-3
sued,-3
sueing,-3
sues,-3
suffer,-3
suffered,-3
sufferer,-3
sufferers,-3
suffering,-3
suffers,-3
suffocate,-3
sugar-coat,-3
sugar-coated,-3
sugarcoated,-3
suicidal,-3
suicide,-3
sulk,-3
sullen,-3
sully,-3
sunder,-3
sunk,-3
sunken,-3
superficial,-3
superficiality,-3
superficially,-3
superfluous,-3
superstition,-3
superstitious,-3
suppress,-3
suppression,-3
surrender,-3
susceptible,-3
suspect,-3
suspicion,-3
suspicions,-3
suspicious,-3
suspiciously,-3
swagger,-3
swamped,-3
sweaty,-3
swelled,-3
swelling,-3
swindle,-3
swipe,-3
swollen,-3
symptom,-3
symptoms,-3
syndrome,-3
taboo,-3
tacky,-3
taint,-3
tainted,-3
tamper,-3
tangle,-3
tangled,-3
tangles,-3
tank,-3
tanked,-3
tanks,-3
tantrum,-3
tardy,-3
tarnish,-3
tarnished,-3
tarnishes,-3
tarnishing,-3
tattered,-3
taunt,-3
taunting,-3
tauntingly,-3
taunts,-3
taut,-3
tawdry,-3
taxing,-3
tease,-3
teasingly,-3
tedious,-3
tediously,-3
temerity,-3
temper,-1
tempest,-1
temptation,-1
tenderness,-1
tense,-1
tension,-1
tentative,-1
tentatively,-1
tenuous,-1
tenuously,-1
tepid,-1
terrible,-1
terribleness,-1
terribly,-1
terror,-1
terror-genic,-1
terrorism,-1
terrorize,-1
testily,-1
testy,-1
tetchily,-1
tetchy,-1
thankless,-1
thicker,-1
thirst,-1
thorny,-1
thoughtless,-1
thoughtlessly,-1
thoughtlessness,-1
thrash,-1
threat,-1
threaten,-1
threatening,-1
threats,-1
threesome,-1
throb,-1
throbbed,-1
throbbing,-1
throbs,-1
throttle,-1
thug,-1
thumb-down,-1
thumbs-down,-1
thwart,-1
time-consuming,-1
timid,-1
timidity,-1
timidly,-1
timidness,-1
tin-y,-1
tingled,-1
tingling,-1
tired,-1
tiresome,-1
tiring,-1
tiringly,-1
toil,-1
toll,-1
top-heavy,-1
topple,-1
torment,-1
tormented,-1
torrent,-1
tortuous,-1
torture,-1
tortured,-1
tortures,-1
torturing,-1
torturous,-1
torturously,-1
totalitarian,-1
touchy,-1
toughness,-1
tout,-1
touted,-1
touts,-1
toxic,-1
traduce,-1
tragedy,-1
tragic,-1
tragically,-1
traitor,-1
traitorous,-1
traitorously,-1
tramp,-1
trample,-1
transgress,-1
transgression,-1
trap,-1
traped,-1
trapped,-1
trash,-1
trashed,-1
trashy,-1
trauma,-1
traumatic,-1
traumatically,-1
traumatize,-1
traumatized,-1
travesties,-1
travesty,-1
treacherous,-1
treacherously,-1
treachery,-1
treason,-1
treasonous,-1
trick,-1
tricked,-1
trickery,-1
tricky,-1
trivial,-1
trivialize,-1
trouble,-1
troubled,-1
troublemaker,-1
troubles,-1
troublesome,-1
troublesomely,-1
troubling,-1
troublingly,-1
truant,-1
tumble,-1
tumbled,-1
tumbles,-1
tumultuous,-1
turbulent,-1
turmoil,-1
twist,-1
twisted,-1
twists,-1
two-faced,-1
two-faces,-1
tyrannical,-1
tyrannically,-1
tyranny,-1
tyrant,-1
ugh,-1
uglier,-1
ugliest,-1
ugliness,-1
ugly,-1
ulterior,-1
ultimatum,-1
ultimatums,-1
ultra-hardline,-1
un-viewable,-1
unable,-1
unacceptable,-1
unacceptablely,-1
unacceptably,-1
unaccessible,-1
unaccustomed,-1
unachievable,-1
unaffordable,-1
unappealing,-1
unattractive,-1
unauthentic,-1
unavailable,-1
unavoidably,-1
unbearable,-1
unbearablely,-1
unbelievable,-1
unbelievably,-1
uncaring,-1
uncertain,-1
uncivil,-1
uncivilized,-1
unclean,-1
unclear,-1
uncollectible,-1
uncomfortable,-1
uncomfortably,-1
uncomfy,-1
uncompetitive,-1
uncompromising,-1
uncompromisingly,-1
unconfirmed,-1
unconstitutional,-1
uncontrolled,-1
unconvincing,-1
unconvincingly,-1
uncooperative,-1
uncouth,-1
uncreative,-1
undecided,-1
undefined,-1
undependability,-1
undependable,-1
undercut,-1
undercuts,-1
undercutting,-1
underdog,-1
underestimate,-1
underlings,-1
undermine,-1
undermined,-1
undermines,-1
undermining,-1
underpaid,-1
underpowered,-1
undersized,-1
undesirable,-1
undetermined,-1
undid,-1
undignified,-1
undissolved,-1
undocumented,-1
undone,-1
undue,-1
unease,-1
uneasily,-1
uneasiness,-1
uneasy,-1
uneconomical,-1
unemployed,-1
unequal,-1
unethical,-1
uneven,-1
uneventful,-1
unexpected,-1
unexpectedly,-1
unexplained,-1
unfairly,-1
unfaithful,-1
unfaithfully,-1
unfamiliar,-1
unfavorable,-1
unfeeling,-1
unfinished,-1
unfit,-1
unforeseen,-1
unforgiving,-1
unfortunate,-1
unfortunately,-1
unfounded,-1
unfriendly,-1
unfulfilled,-1
unfunded,-1
ungovernable,-1
ungrateful,-1
unhappily,-1
unhappiness,-1
unhappy,-1
unhealthy,-1
unhelpful,-1
unilateralism,-1
unimaginable,-1
unimaginably,-1
unimportant,-1
uninformed,-1
uninsured,-1
unintelligible,-1
unintelligile,-1
unipolar,-1
unjust,-1
unjustifiable,-1
unjustifiably,-1
unjustified,-1
unjustly,-1
unkind,-1
unkindly,-1
unknown,-1
unlamentable,-1
unlamentably,-1
unlawful,-1
unlawfully,-1
unlawfulness,-1
unleash,-1
unlicensed,-1
unlikely,-1
unlucky,-1
unmoved,-1
unnatural,-1
unnaturally,-1
unnecessary,-1
unneeded,-1
unnerve,-1
unnerved,-1
unnerving,-1
unnervingly,-1
unnoticed,-1
unobserved,-1
unorthodox,-1
unorthodoxy,-1
unpleasant,-1
unpleasantries,-1
unpopular,-1
unpredictable,-1
unprepared,-1
unproductive,-1
unprofitable,-1
unprove,-1
unproved,-1
unproven,-1
unproves,-1
unproving,-1
unqualified,-1
unravel,-1
unraveled,-1
unreachable,-1
unreadable,-1
unrealistic,-1
unreasonable,-1
unreasonably,-1
unrelenting,-1
unrelentingly,-1
unreliability,-1
unreliable,-1
unresolved,-1
unresponsive,-1
unrest,-1
unruly,-1
unsafe,-1
unsatisfactory,-1
unsavory,-1
unscrupulous,-1
unscrupulously,-1
unsecure,-1
unseemly,-1
unsettle,-1
unsettled,-1
unsettling,-1
unsettlingly,-1
unskilled,-1
unsophisticated,-1
unsound,-1
unspeakable,-1
unspeakablely,-1
unspecified,-1
unstable,-1
unsteadily,-1
unsteadiness,-1
unsteady,-1
unsuccessful,-1
unsuccessfully,-1
unsupported,-1
unsupportive,-1
unsure,-1
unsuspecting,-1
unsustainable,-1
untenable,-1
untested,-1
unthinkable,-1
unthinkably,-1
untimely,-1
untouched,-1
untrue,-1
untrustworthy,-1
untruthful,-1
unusable,-1
unusably,-1
unuseable,-1
unuseably,-1
unusual,-1
unusually,-1
unviewable,-1
unwanted,-1
unwarranted,-1
unwatchable,-1
unwelcome,-1
unwell,-1
unwieldy,-1
unwilling,-1
unwillingly,-1
unwillingness,-1
unwise,-1
unwisely,-1
unworkable,-1
unworthy,-1
unyielding,-1
upbraid,-1
upheaval,-1
uprising,-1
uproar,-1
uproarious,-1
uproariously,-1
uproarous,-1
uproarously,-1
uproot,-1
upset,-1
upseting,-1
upsets,-1
upsetting,-1
upsettingly,-1
urgent,-1
useless,-1
usurp,-1
usurper,-1
utterly,-1
vagrant,-1
vague,-1
vagueness,-1
vain,-1
vainly,-1
vanity,-1
vehement,-1
vehemently,-1
vengeance,-1
vengeful,-1
vengefully,-1
vengefulness,-1
venom,-1
venomous,-1
venomously,-1
vent,-1
vestiges,-1
vex,-1
vexation,-1
vexing,-1
vexingly,-1
vibrate,-1
vibrated,-1
vibrates,-1
vibrating,-1
vibration,-1
vice,-1
vicious,-1
viciously,-1
viciousness,-1
victimize,-1
vile,-1
vileness,-1
vilify,-1
villainous,-1
villainously,-1
villains,-1
villian,-1
villianous,-1
villianously,-1
villify,-1
vindictive,-1
vindictively,-1
vindictiveness,-1
violate,-1
violation,-1
violator,-1
violators,-1
violent,-1
violently,-1
viper,-1
virulence,-1
virulent,-1
virulently,-1
virus,-1
vociferous,-1
vociferously,-1
volatile,-1
volatility,-1
vomit,-1
vomited,-1
vomiting,-1
vomits,-1
vulgar,-1
vulnerable,-1
wack,-1
wail,-1
wallow,-1
wane,-1
waning,-1
wanton,-1
war-like,-1
warily,-1
wariness,-1
warlike,-1
warned,-1
warning,-1
warp,-1
warped,-1
wary,-1
washed-out,-1
waste,-1
wasted,-1
wasteful,-1
wastefulness,-1
wasting,-1
water-down,-1
watered-down,-1
wayward,-1
weak,-1
weaken,-1
weakening,-1
weaker,-1
weakness,-1
weaknesses,-1
weariness,-1
wearisome,-1
weary,-1
wedge,-1
weed,-1
weep,-1
weird,-1
weirdly,-1
wheedle,-1
whimper,-1
whine,-1
whining,-1
whiny,-1
whips,-1
whore,-1
whores,-1
wicked,-1
wickedly,-1
wickedness,-1
wild,-1
wildly,-1
wiles,-1
wilt,-1
wily,-1
wimpy,-1
wince,-1
wobble,-1
wobbled,-1
wobbles,-1
woe,-1
woebegone,-1
woeful,-1
woefully,-1
womanizer,-1
womanizing,-1
worn,-1
worried,-1
worriedly,-1
worrier,-1
worries,-1
worrisome,-1
worry,-1
worrying,-1
worryingly,-1
worse,-1
worsen,-1
worsening,-1
worst,-1
worthless,-1
worthlessly,-1
worthlessness,-1
wound,-1
wounds,-1
wrangle,-1
wrath,-1
wreak,-1
wreaked,-1
wreaks,-1
wreck,-1
wrest,-1
wrestle,-1
wretch,-1
wretched,-1
wretchedly,-1
wretchedness,-1
wrinkle,-1
wrinkled,-1
wrinkles,-1
wrip,-1
wripped,-1
wripping,-1
writhe,-1
wrong,-1
wrongful,-1
wrongly,-1
wrought,-1
yawn,-1
zap,-1
zapped,-1
zaps,-1
zealot,-1
zealous,-1
zealously,-1
zombie,-2
a+,1
abound,1
abounds,1
abundance,1
abundant,1
accessable,1
accessible,1
acclaim,1
acclaimed,1
acclamation,1
accolade,1
accolades,1
accommodative,1
accomodative,1
accomplish,1
accomplished,1
accomplishment,1
accomplishments,2
accurate,1
accurately,1
achievable,1
achievement,1
achievements,1
achievible,1
acumen,1
adaptable,1
adaptive,1
adequate,1
adjustable,2
admirable,2
admirably,2
admiration,2
admire,2
admirer,2
admiring,2
admiringly,2
adorable,2
adore,2
adored,2
adorer,1
adoring,1
adoringly,1
adroit,1
adroitly,1
adulate,1
adulation,1
adulatory,1
advanced,1
advantage,1
advantageous,1
advantageously,1
advantages,1
adventuresome,2
adventurous,2
advocate,2
advocated,2
advocates,2
affability,2
affable,2
affably,2
affectation,2
affection,2
affectionate,3
affinity,3
affirm,3
affirmation,3
affirmative,3
affluence,3
affluent,3
afford,3
affordable,3
affordably,3
afordable,3
agile,3
agilely,3
agility,3
agreeable,3
agreeableness,3
agreeably,3
all-around,3
alluring,3
alluringly,3
altruistic,3
altruistically,4
amaze,4
amazed,4
amazement,4
amazes,4
amazing,4
amazingly,4
ambitious,4
ambitiously,4
ameliorate,4
amenable,4
amenity,4
amiability,4
amiabily,4
amiable,4
amicability,4
amicable,4
amicably,4
amity,4
ample,4
amply,4
amuse,4
amusing,4
amusingly,4
angel,4
angelic,4
apotheosis,4
appeal,4
appealing,4
applaud,4
appreciable,4
appreciate,4
appreciated,4
appreciates,4
appreciative,4
appreciatively,4
appropriate,4
approval,4
approve,4
ardent,4
ardently,4
ardor,4
articulate,4
aspiration,4
aspirations,4
aspire,4
assurance,4
assurances,4
assure,4
assuredly,4
assuring,4
astonish,4
astonished,4
astonishing,4
astonishingly,4
astonishment,4
astound,4
astounded,4
astounding,4
astoundingly,4
astutely,4
attentive,4
attraction,4
attractive,4
attractively,4
attune,4
audible,4
audibly,4
auspicious,4
authentic,4
authoritative,4
autonomous,4
available,4
aver,4
avid,4
avidly,4
award,4
awarded,4
awards,4
awe,4
awed,4
awesome,4
awesomely,4
awesomeness,4
awestruck,5
awsome,5
backbone,5
balanced,5
bargain,5
beauteous,5
beautiful,5
beautifullly,5
beautifully,5
beautify,5
beauty,5
beckon,5
beckoned,5
beckoning,5
beckons,5
believable,5
believeable,5
beloved,5
benefactor,5
beneficent,5
beneficial,5
beneficially,5
beneficiary,5
benefit,5
benefits,5
benevolence,5
benevolent,5
benifits,5
best,5
best-known,5
best-performing,5
best-selling,5
better,5
better-known,5
better-than-expected,5
beutifully,5
blameless,5
bless,5
blessing,5
bliss,5
blissful,5
blissfully,5
blithe,5
blockbuster,5
bloom,5
blossom,5
bolster,5
bonny,5
bonus,5
bonuses,5
boom,5
booming,5
boost,5
boundless,5
bountiful,5
brainiest,5
brainy,5
brand-new,5
brave,5
bravery,5
bravo,5
breakthrough,5
breakthroughs,5
breathlessness,5
breathtaking,5
breathtakingly,5
breeze,5
bright,5
brighten,5
brighter,5
brightest,5
brilliance,5
brilliances,5
brilliant,5
brilliantly,5
brisk,5
brotherly,5
bullish,5
buoyant,5
cajole,5
calm,5
calming,5
calmness,5
capability,5
capable,5
capably,5
captivate,5
captivating,5
carefree,5
cashback,5
cashbacks,5
catchy,5
celebrate,5
celebrated,5
celebration,5
celebratory,5
champ,5
champion,5
charisma,5
charismatic,5
charitable,5
charm,5
charming,5
charmingly,5
chaste,5
cheaper,5
cheapest,5
cheer,5
cheerful,5
cheery,5
cherish,5
cherished,5
cherub,5
chic,5
chivalrous,5
chivalry,5
civility,5
civilize,5
clarity,5
classic,5
classy,5
clean,5
cleaner,5
cleanest,5
cleanliness,5
cleanly,5
clear,5
clear-cut,5
cleared,5
clearer,5
clearly,5
clears,5
clever,5
cleverly,5
cohere,5
coherence,5
coherent,5
cohesive,5
colorful,5
comely,5
comfort,5
comfortable,5
comfortably,5
comforting,5
comfy,5
commend,5
commendable,5
commendably,5
commitment,5
commodious,5
compact,5
compactly,5
compassion,5
compassionate,5
compatible,5
competitive,5
complement,5
complementary,5
complemented,5
complements,5
compliant,5
compliment,5
complimentary,5
comprehensive,5
conciliate,5
conciliatory,5
concise,5
confidence,5
confident,5
congenial,5
congratulate,5
congratulation,5
congratulations,5
congratulatory,5
conscientious,5
considerate,5
consistent,5
consistently,5
constructive,5
consummate,5
contentment,5
continuity,5
contrasty,5
contribution,5
convenience,5
convenient,5
conveniently,5
convience,5
convienient,5
convient,5
convincing,5
convincingly,5
cool,5
coolest,5
cooperative,5
cooperatively,5
cornerstone,5
correct,5
correctly,5
cost-effective,5
cost-saving,5
counter-attack,5
counter-attacks,5
courage,5
courageous,5
courageously,5
courageousness,5
courteous,5
courtly,5
covenant,5
cozy,5
creative,3
credence,3
credible,3
crisp,3
crisper,3
cure,3
cure-all,3
cushy,3
cute,3
cuteness,3
danke,3
danken,3
daring,3
daringly,3
darling,3
dashing,3
dauntless,3
dawn,3
dazzle,3
dazzled,3
dazzling,3
dead-cheap,3
dead-on,3
decency,3
decent,3
decisive,3
decisiveness,3
dedicated,3
defeat,3
defeated,3
defeating,3
defeats,3
defender,3
deference,3
deft,3
deginified,3
delectable,3
delicacy,3
delicate,3
delicious,3
delight,3
delighted,3
delightful,3
delightfully,3
delightfulness,3
dependable,3
dependably,3
deservedly,3
deserving,3
desirable,3
desiring,3
desirous,3
destiny,3
detachable,3
devout,3
dexterous,3
dexterously,3
dextrous,3
dignified,3
dignify,3
dignity,3
diligence,3
diligent,3
diligently,3
diplomatic,3
dirt-cheap,3
distinction,3
distinctive,3
distinguished,3
diversified,3
divine,3
divinely,3
dominate,3
dominated,3
dominates,3
dote,3
dotingly,3
doubtless,3
dreamland,3
dumbfounded,3
dumbfounding,3
dummy-proof,3
durable,3
dynamic,3
eager,3
eagerly,3
eagerness,3
earnest,3
earnestly,3
earnestness,3
ease,3
eased,3
eases,3
easier,3
easiest,3
easiness,3
easing,3
easy,3
easy-to-use,3
easygoing,3
ebullience,3
ebullient,3
ebulliently,3
ecenomical,3
economical,3
ecstasies,3
ecstasy,3
ecstatic,3
ecstatically,3
edify,3
educated,3
effective,3
effectively,3
effectiveness,3
effectual,3
efficacious,3
efficient,3
efficiently,3
effortless,3
effortlessly,3
effusion,3
effusive,3
effusively,3
effusiveness,3
elan,3
elate,3
elated,3
elatedly,3
elation,3
electrify,3
elegance,3
elegant,3
elegantly,3
elevate,3
elite,3
eloquence,3
eloquent,3
eloquently,3
embolden,3
eminence,3
eminent,3
empathize,3
empathy,3
empower,3
empowerment,3
enchant,3
enchanted,3
enchanting,3
enchantingly,3
encourage,3
encouragement,3
encouraging,3
encouragingly,3
endear,3
endearing,3
endorse,3
endorsed,3
endorsement,3
endorses,3
endorsing,3
energetic,3
energize,3
energy-efficient,3
energy-saving,3
engaging,3
engrossing,3
enhance,3
enhanced,3
enhancement,3
enhances,3
enjoy,3
enjoyable,3
enjoyably,3
enjoyed,3
enjoying,3
enjoyment,3
enjoys,3
enlighten,3
enlightenment,3
enliven,3
ennoble,3
enough,3
enrapt,3
enrapture,3
enraptured,3
enrich,3
enrichment,3
enterprising,3
entertain,3
entertaining,3
entertains,3
enthral,3
enthrall,3
enthralled,3
enthuse,3
enthusiasm,3
enthusiast,3
enthusiastic,3
enthusiastically,3
entice,3
enticed,3
enticing,3
enticingly,3
entranced,3
entrancing,3
entrust,3
enviable,3
enviably,3
envious,3
enviously,3
enviousness,3
envy,3
equitable,3
ergonomical,3
err-free,4
erudite,4
ethical,4
eulogize,4
euphoria,4
euphoric,4
euphorically,4
evaluative,4
evenly,4
eventful,4
everlasting,4
evocative,4
exalt,4
exaltation,4
exalted,4
exaltedly,4
exalting,4
exaltingly,4
examplar,4
examplary,4
excallent,4
exceed,4
exceeded,4
exceeding,4
exceedingly,4
exceeds,4
excel,4
exceled,4
excelent,4
excellant,4
excelled,4
excellence,4
excellency,4
excellent,4
excellently,4
excels,4
exceptional,4
exceptionally,4
excite,4
excited,4
excitedly,4
excitedness,4
excitement,4
excites,4
exciting,4
excitingly,4
exellent,4
exemplar,4
exemplary,4
exhilarate,4
exhilarating,4
exhilaratingly,4
exhilaration,4
exonerate,4
expansive,4
expeditiously,4
expertly,4
exquisite,4
exquisitely,4
extol,4
extoll,4
extraordinarily,4
extraordinary,4
exuberance,4
exuberant,4
exuberantly,4
exult,4
exultant,4
exultation,4
exultingly,4
eye-catch,4
eye-catching,4
eyecatch,4
eyecatching,4
fabulous,4
fabulously,4
facilitate,4
fair,4
fairly,4
fairness,4
faith,4
faithful,4
faithfully,4
faithfulness,4
fame,4
famed,4
famous,4
famously,4
fancier,4
fancinating,4
fancy,4
fanfare,4
fans,4
fantastic,4
fantastically,4
fascinate,4
fascinating,4
fascinatingly,4
fascination,4
fashionable,4
fashionably,4
fast,4
fast-growing,4
fast-paced,4
faster,4
fastest,4
fastest-growing,4
faultless,4
fav,4
fave,4
favor,4
favorable,4
favored,4
favorite,4
favorited,4
favour,4
fearless,4
fearlessly,4
feasible,4
feasibly,4
feat,4
feature-rich,4
fecilitous,4
feisty,2
felicitate,2
felicitous,2
felicity,2
fertile,2
fervent,2
fervently,2
fervid,2
fervidly,2
fervor,2
festive,2
fidelity,2
fiery,2
fine,2
fine-looking,2
finely,2
finer,2
finest,2
firmer,2
first-class,2
first-in-class,2
first-rate,2
flashy,2
flatter,2
flattering,2
flatteringly,2
flawless,2
flawlessly,2
flexibility,2
flexible,2
flourish,2
flourishing,2
fluent,2
flutter,2
fond,2
fondly,2
fondness,2
foolproof,2
foremost,2
foresight,2
formidable,2
fortitude,2
fortuitous,2
fortuitously,2
fortunate,2
fortunately,2
fortune,2
fragrant,2
free,2
freed,2
freedom,2
freedoms,2
fresh,2
fresher,2
freshest,2
friendliness,2
friendly,2
frolic,2
frugal,2
fruitful,2
ftw,2
fulfillment,2
fun,2
futurestic,2
futuristic,2
gaiety,2
gaily,2
gain,2
gained,2
gainful,2
gainfully,2
gaining,2
gains,2
gallant,2
gallantly,2
galore,2
geekier,2
geeky,2
gem,2
gems,2
generosity,2
generous,2
generously,2
genial,2
genius,2
gentle,2
gentlest,2
genuine,2
gifted,2
glad,2
gladden,2
gladly,2
gladness,2
glamorous,2
glee,2
gleeful,2
gleefully,2
glimmer,2
glimmering,2
glisten,2
glistening,2
glitter,2
glitz,2
glorify,2
glorious,2
gloriously,2
glory,2
glow,2
glowing,2
glowingly,2
god-given,2
god-send,2
godlike,2
godsend,2
gold,2
golden,2
good,2
goodly,2
goodness,2
goodwill,2
goood,2
gooood,2
gorgeous,2
gorgeously,2
grace,2
graceful,2
gracefully,2
gracious,2
graciously,2
graciousness,2
grand,2
grandeur,2
grateful,2
gratefully,2
gratification,2
gratified,2
gratifies,2
gratify,2
gratifying,2
gratifyingly,2
gratitude,2
great,2
greatest,2
greatness,2
grin,2
groundbreaking,2
guarantee,2
guidance,2
guiltless,2
gumption,2
gush,2
gusto,2
gutsy,2
hail,2
halcyon,2
hale,2
hallmark,2
hallmarks,2
hallowed,2
handier,2
handily,2
hands-down,2
handsome,2
handsomely,2
handy,2
happier,2
happily,2
happiness,2
happy,2
hard-working,2
hardier,2
hardy,2
harmless,2
harmonious,2
harmoniously,2
harmonize,2
harmony,2
headway,2
heal,2
healthful,2
healthy,2
hearten,2
heartening,2
heartfelt,2
heartily,2
heartwarming,2
heaven,2
heavenly,2
helped,2
helpful,2
helping,2
hero,2
heroic,2
heroically,2
heroine,2
heroize,2
heros,2
high-quality,2
high-spirited,2
hilarious,2
holy,2
homage,2
honest,2
honesty,2
honor,2
honorable,1
honored,1
honoring,1
hooray,1
hopeful,1
hospitable,1
hot,1
hotcake,1
hotcakes,1
hottest,1
hug,1
humane,1
humble,1
humility,1
humor,1
humorous,1
humorously,1
humour,1
humourous,1
ideal,1
idealize,1
ideally,1
idol,1
idolize,1
idolized,1
idyllic,1
illuminate,5
illuminati,5
illuminating,5
illumine,5
illustrious,5
ilu,5
imaculate,5
imaginative,5
immaculate,5
immaculately,5
immense,5
impartial,5
impartiality,5
impartially,5
impassioned,5
impeccable,5
impeccably,5
important,5
impress,5
impressed,5
impresses,5
impressive,5
impressively,5
impressiveness,5
improve,5
improved,5
improvement,5
improvements,5
improves,5
improving,5
incredible,5
incredibly,5
indebted,5
individualized,5
indulgence,5
indulgent,5
industrious,5
inestimable,5
inestimably,5
inexpensive,5
infallibility,5
infallible,5
infallibly,5
influential,5
ingenious,5
ingeniously,5
ingenuity,5
ingenuous,5
ingenuously,5
innocuous,5
innovation,5
innovative,5
inpressed,5
insightful,5
insightfully,5
inspiration,5
inspirational,5
inspire,5
inspiring,5
instantly,5
instructive,5
instrumental,5
integral,5
integrated,5
intelligence,5
intelligent,5
intelligible,5
interesting,5
interests,5
intimacy,5
intimate,5
intricate,5
intrigue,5
intriguing,5
intriguingly,5
intuitive,5
invaluable,5
invaluablely,5
inventive,5
invigorate,5
invigorating,5
invincibility,5
invincible,5
inviolable,5
inviolate,5
invulnerable,5
irreplaceable,5
irreproachable,5
irresistible,5
irresistibly,5
issue-free,5
jaw-droping,5
jaw-dropping,5
jollify,5
jolly,5
jovial,5
joy,5
joyful,5
joyfully,5
joyous,5
joyously,5
jubilant,5
jubilantly,5
jubilate,5
jubilation,5
jubiliant,5
judicious,5
justly,5
keen,5
keenly,5
keenness,5
kid-friendly,5
kindliness,5
kindly,5
kindness,5
knowledgeable,5
kudos,5
large-capacity,5
laud,5
laudable,5
laudably,5
lavish,5
lavishly,5
law-abiding,5
lawful,5
lawfully,5
lead,5
leading,5
leads,5
lean,5
led,5
legendary,5
leverage,5
levity,5
liberate,5
liberation,5
liberty,5
lifesaver,5
light-hearted,5
lighter,5
likable,5
like,5
liked,5
likes,5
liking,5
lionhearted,5
lively,5
logical,5
long-lasting,5
lovable,5
lovably,5
love,5
loved,5
loveliness,5
lovely,5
lover,5
loves,5
loving,5
low-cost,5
low-price,5
low-priced,5
low-risk,5
lower-priced,5
loyal,5
loyalty,5
lucid,5
lucidly,5
luck,5
luckier,5
luckiest,5
luckiness,5
lucky,5
lucrative,5
luminous,5
lush,5
luster,5
lustrous,5
luxuriant,5
luxuriate,5
luxurious,5
luxuriously,5
luxury,5
lyrical,5
magic,5
magical,5
magnanimous,5
magnanimously,5
magnificence,5
magnificent,5
magnificently,5
majestic,5
majesty,5
manageable,5
maneuverable,5
marvel,5
marveled,5
marvelled,5
marvellous,5
marvelous,5
marvelously,5
marvelousness,5
marvels,5
master,5
masterful,5
masterfully,5
masterpiece,5
masterpieces,5
masters,5
mastery,5
matchless,5
mature,5
maturely,5
maturity,5
meaningful,5
memorable,5
merciful,5
mercifully,5
mercy,5
merit,5
meritorious,5
merrily,5
merriment,5
merriness,5
merry,5
mesmerize,5
mesmerized,5
mesmerizes,5
mesmerizing,5
mesmerizingly,5
meticulous,5
meticulously,5
mightily,5
mighty,5
mind-blowing,5
miracle,5
miracles,5
miraculous,5
miraculously,5
miraculousness,5
modern,5
modest,5
modesty,5
momentous,5
monumental,5
monumentally,5
morality,5
motivated,5
multi-purpose,5
navigable,5
neat,5
neatest,5
neatly,5
nice,5
nicely,5
nicer,5
nicest,5
nifty,5
nimble,5
noble,5
nobly,5
noiseless,5
non-violence,5
non-violent,5
notably,5
noteworthy,5
nourish,5
nourishing,5
nourishment,5
novelty,5
nurturing,5
oasis,5
obsession,5
obsessions,5
obtainable,5
openly,5
openness,5
optimal,5
optimism,5
optimistic,5
opulent,5
orderly,5
originality,5
outdo,5
outdone,5
outperform,5
outperformed,5
outperforming,5
outperforms,5
outshine,5
outshone,5
outsmart,5
outstanding,5
outstandingly,5
outstrip,4
outwit,4
ovation,4
overjoyed,4
overtake,4
overtaken,4
overtakes,4
overtaking,4
overtook,4
overture,4
pain-free,4
painless,4
painlessly,4
palatial,4
pamper,4
pampered,4
pamperedly,4
pamperedness,4
pampers,4
panoramic,4
paradise,4
paramount,4
pardon,4
passion,4
passionate,4
passionately,4
patience,4
patient,4
patiently,4
patriot,4
patriotic,4
peace,4
peaceable,4
peaceful,4
peacefully,4
peacekeepers,4
peach,4
peerless,4
pep,4
pepped,4
pepping,4
peppy,4
peps,4
perfect,4
perfection,4
perfectly,4
permissible,4
perseverance,4
persevere,4
personages,4
personalized,4
phenomenal,4
phenomenally,4
picturesque,4
piety,4
pinnacle,4
playful,4
playfully,4
pleasant,4
pleasantly,4
pleased,4
pleases,4
pleasing,4
pleasingly,4
pleasurable,4
pleasurably,4
pleasure,4
plentiful,4
pluses,4
plush,4
plusses,4
poetic,4
poeticize,4
poignant,4
poise,4
poised,4
polished,4
polite,4
politeness,4
popular,4
portable,4
posh,4
positive,4
positively,4
positives,4
powerful,4
powerfully,4
praise,4
praiseworthy,4
praising,4
pre-eminent,4
precious,4
precise,4
precisely,4
preeminent,1
prefer,1
preferable,1
preferably,1
prefered,1
preferes,1
preferring,1
prefers,1
premier,1
prestige,1
prestigious,1
prettily,1
pretty,1
priceless,1
pride,1
principled,1
privilege,1
privileged,1
prize,1
proactive,1
problem-free,1
problem-solver,1
prodigious,1
prodigiously,1
prodigy,1
productive,1
productively,1
proficient,1
proficiently,1
profound,1
profoundly,1
profuse,1
profusion,1
progress,1
progressive,1
prolific,1
prominence,1
prominent,1
promise,1
promised,1
promises,1
promising,1
promoter,1
prompt,1
promptly,1
proper,1
properly,1
propitious,1
propitiously,1
pros,1
prosper,1
prosperity,1
prosperous,1
prospros,1
protect,1
protection,1
protective,1
proud,1
proven,1
proves,1
providence,1
proving,1
prowess,1
prudence,1
prudent,1
prudently,1
punctual,1
pure,1
purify,1
purposeful,1
quaint,1
qualified,1
qualify,1
quicker,1
quiet,1
quieter,1
radiance,1
radiant,1
rapid,1
rapport,1
rapt,1
rapture,1
raptureous,1
raptureously,1
rapturous,1
rapturously,1
rational,1
razor-sharp,2
reachable,2
readable,2
readily,2
ready,2
reaffirm,2
reaffirmation,2
realistic,2
realizable,2
reasonable,2
reasonably,2
reasoned,2
reassurance,2
reassure,2
receptive,2
reclaim,2
recomend,2
recommend,2
recommendation,2
recommendations,2
recommended,2
reconcile,2
reconciliation,2
record-setting,2
recover,2
recovery,2
rectification,2
rectify,2
rectifying,2
redeem,2
redeeming,2
redemption,2
refine,2
refined,2
refinement,2
reform,2
reformed,2
reforming,2
reforms,2
refresh,2
refreshed,2
refreshing,2
refund,2
refunded,2
regal,2
regally,2
regard,2
rejoice,2
rejoicing,2
rejoicingly,2
rejuvenate,2
rejuvenated,2
rejuvenating,2
relaxed,2
relent,2
reliable,2
reliably,2
relief,2
relish,2
remarkable,2
remarkably,2
remedy,2
remission,2
remunerate,2
renaissance,2
renewed,2
renown,2
renowned,2
replaceable,2
reputable,2
reputation,2
resilient,2
resolute,2
resound,2
resounding,2
resourceful,2
resourcefulness,2
respect,2
respectable,2
respectful,2
respectfully,2
respite,2
resplendent,2
responsibly,2
responsive,2
restful,2
restored,2
restructure,2
restructured,2
restructuring,2
retractable,2
revel,2
revelation,2
revere,2
reverence,2
reverent,2
reverently,2
revitalize,2
revival,2
revive,2
revives,2
revolutionary,2
revolutionize,2
revolutionized,2
revolutionizes,2
reward,2
rewarding,2
rewardingly,2
rich,2
richer,2
richly,2
richness,2
right,2
righten,2
righteous,2
righteously,2
righteousness,2
rightful,2
rightfully,2
rightly,2
rightness,2
risk-free,2
robust,2
rock-star,2
rock-stars,2
rockstar,2
rockstars,2
romantic,2
romantically,2
romanticize,2
roomier,2
roomy,2
rosy,2
safe,2
safely,2
sagacity,2
sagely,2
saint,2
saintliness,2
saintly,2
salutary,2
salute,2
sane,2
satisfactorily,2
satisfactory,2
satisfied,2
satisfies,2
satisfy,2
satisfying,2
satisified,2
saver,2
savings,2
savior,2
savvy,2
scenic,2
seamless,2
seasoned,2
secure,2
securely,2
selective,2
self-determination,2
self-respect,2
self-satisfaction,2
self-sufficiency,2
self-sufficient,2
sensation,2
sensational,2
sensationally,2
sensations,2
sensible,2
sensibly,2
sensitive,2
serene,2
serenity,2
sexy,2
sharp,2
sharper,2
sharpest,2
shimmering,2
shimmeringly,2
shine,2
shiny,2
significant,2
silent,2
simpler,2
simplest,2
simplified,2
simplifies,2
simplify,2
simplifying,2
sincere,2
sincerely,2
sincerity,2
skill,2
skilled,2
skillful,2
skillfully,2
slammin,2
sleek,2
slick,2
smart,2
smarter,2
smartest,2
smartly,2
smile,2
smiles,2
smiling,2
smilingly,2
smitten,2
smooth,2
smoother,2
smoothes,2
smoothest,2
smoothly,2
snappy,2
snazzy,2
sociable,2
soft,2
softer,2
solace,2
solicitous,2
solicitously,2
solid,2
solidarity,2
soothe,2
soothingly,2
sophisticated,2
soulful,2
soundly,2
soundness,2
spacious,2
sparkle,2
sparkling,2
spectacular,2
spectacularly,2
speedily,2
speedy,2
spellbind,2
spellbinding,2
spellbindingly,2
spellbound,2
spirited,2
spiritual,2
splendid,2
splendidly,2
splendor,2
spontaneous,2
sporty,2
spotless,2
sprightly,2
stability,2
stabilize,2
stable,2
stainless,2
standout,2
state-of-the-art,2
stately,2
statuesque,2
staunch,2
staunchly,2
staunchness,2
steadfast,2
steadfastly,2
steadfastness,2
steadiest,2
steadiness,2
steady,2
stellar,2
stellarly,2
stimulate,2
stimulates,2
stimulating,2
stimulative,2
stirringly,2
straighten,2
straightforward,2
streamlined,2
striking,2
strikingly,2
striving,2
strong,2
stronger,2
strongest,2
stunned,2
stunning,2
stunningly,2
stupendous,2
stupendously,2
sturdier,2
sturdy,2
stylish,2
stylishly,2
stylized,2
suave,2
suavely,2
sublime,2
subsidize,2
subsidized,2
subsidizes,2
subsidizing,2
substantive,2
succeed,2
succeeded,2
succeeding,2
succeeds,2
succes,2
success,2
successes,2
successful,2
successfully,2
suffice,2
sufficed,2
suffices,2
sufficient,2
sufficiently,2
suitable,2
sumptuous,2
sumptuously,2
sumptuousness,2
super,2
superb,2
superbly,2
superior,2
superiority,2
supple,2
support,2
supported,2
supporter,2
supporting,2
supportive,2
supports,2
supremacy,2
supreme,2
supremely,2
supurb,2
supurbly,2
surmount,2
surpass,2
surreal,2
survival,2
survivor,2
sustainability,2
sustainable,2
swank,2
swankier,2
swankiest,2
swanky,2
sweeping,2
sweet,2
sweeten,2
sweetheart,2
sweetly,2
sweetness,2
swift,2
swiftness,2
talent,2
talented,2
talents,2
tantalize,2
tantalizing,2
tantalizingly,2
tempt,2
tempting,2
temptingly,2
tenacious,2
tenaciously,2
tenacity,2
tender,2
tenderly,2
terrific,2
terrifically,2
thank,2
thankful,2
thinner,2
thoughtful,2
thoughtfully,2
thoughtfulness,2
thrift,2
thrifty,2
thrill,2
thrilled,2
thrilling,2
thrillingly,2
thrills,2
thrive,2
thriving,2
thumb-up,2
thumbs-up,2
tickle,2
tidy,2
time-honored,2
timely,2
tingle,2
titillate,2
titillating,2
titillatingly,2
togetherness,2
tolerable,2
toll-free,2
top,2
top-notch,2
top-quality,2
topnotch,2
tops,2
tough,2
tougher,2
toughest,2
traction,2
tranquil,2
tranquility,2
transparent,2
treasure,2
tremendously,2
trendy,2
triumph,2
triumphal,2
triumphant,2
triumphantly,2
trivially,2
trophy,2
trouble-free,2
trump,2
trumpet,2
trust,2
trusted,2
trusting,2
trustingly,2
trustworthiness,2
trustworthy,2
trusty,2
truthful,2
truthfully,2
truthfulness,2
twinkly,2
ultra-crisp,2
unabashed,2
unabashedly,2
unaffected,2
unassailable,2
unbeatable,2
unbiased,2
unbound,2
uncomplicated,2
unconditional,2
undamaged,2
undaunted,2
understandable,2
undisputable,2
undisputably,2
undisputed,2
unencumbered,2
unequivocal,2
unequivocally,2
unfazed,2
unfettered,2
unforgettable,2
unity,2
unlimited,2
unmatched,2
unparalleled,2
unquestionable,2
unquestionably,2
unreal,2
unrestricted,2
unrivaled,2
unselfish,2
unwavering,2
upbeat,2
upgradable,2
upgradeable,2
upgraded,2
upheld,2
uphold,2
uplift,2
uplifting,2
upliftingly,2
upliftment,2
upscale,2
usable,2
useable,2
useful,2
user-friendly,2
user-replaceable,2
valiant,2
valiantly,2
valor,2
valuable,2
variety,2
venerate,2
verifiable,2
veritable,2
versatile,2
versatility,2
vibrant,2
vibrantly,2
victorious,2
victory,2
viewable,2
vigilance,2
vigilant,2
virtue,2
virtuous,2
virtuously,2
visionary,2
vivacious,2
vivid,2
vouch,2
vouchsafe,2
warm,2
warmer,2
warmhearted,2
warmly,2
warmth,2
wealthy,2
welcome,2
well,2
well-backlit,2
well-balanced,2
well-behaved,2
well-being,2
well-bred,2
well-connected,2
well-educated,2
well-established,2
well-informed,2
well-intentioned,2
well-known,2
well-made,2
well-managed,2
well-mannered,2
well-positioned,2
well-received,2
well-regarded,2
well-rounded,2
well-run,2
well-wishers,2
wellbeing,2
whoa,2
wholeheartedly,2
wholesome,2
whooa,2
whoooa,2
wieldy,2
willing,2
willingly,2
willingness,2
win,2
windfall,2
winnable,2
winner,2
winners,2
winning,2
wins,2
wisdom,2
wise,2
wisely,2
witty,2
won,2
wonder,2
wonderful,2
wonderfully,2
wonderous,2
wonderously,2
wonders,2
wondrous,2
woo,2
work,2
workable,2
worked,2
works,3
world-famous,3
worth,3
worth-while,3
worthiness,3
worthwhile,3
worthy,3
wow,3
wowed,3
wowing,3
wows,3
yay,3
youthful,3
zeal,5
zenith,5
zest,5
zippy,5
